INSERT INTO pbic (description, ORANIZATION, uic) VALUES('MED COMPONENTS (SUPPLEMENTAL PROPERTY BOOK RECORD FOR EXTERNAL PERIPHERAL COMPONENT OF MEDICAL ASSEMBLIES PER DA PAM 710-2-1).', ' 334 SIG CO', ' WG02AA ');
INSERT INTO LINE_NUMBER (LIN, NOMENCLATURE, AUTH_DOC, AUTHORIZED, REQUIRED, DUE_IN, PBIC) VALUES ('70210N', 'COMPUTER, MICRO LAP-TOP PORTABLE AC/DC W/BATTERY ', 'CTA 50-900', 0, 0, 0, (SELECT MAX(PBIC_ID) FROM PBIC));
INSERT INTO pbic (description, ORANIZATION, uic) VALUES('BASIC LOAD (CLASS I)', ' 334 SIG CO', ' WG02AA ');
INSERT INTO pbic (description, ORANIZATION, uic) VALUES('ORGANIZATION PROPERTY (DEPLOYABLE)', ' 334 SIG CO', ' WG02AA ');
INSERT INTO LINE_NUMBER (LIN, NOMENCLATURE, AUTH_DOC, AUTHORIZED, REQUIRED, DUE_IN, PBIC) VALUES ('70069N', 'CHARGER BATTERY, 60/100-AMP 6 OR 12V BATT', 'CTA 50-909', 5, 0, 0, (SELECT MAX(PBIC_ID) FROM PBIC));
INSERT INTO NATIONAL_STOCK_NUMBER (NSN, NOMENCLATURE, UNIT_OF_ISSUE, UNIT_PRICE) VALUES ('6130014952839', 'CHARGER,BATTERY', 'EA', 2298);
INSERT INTO NSN_ON_HAND (NSN, ON_HAND, LIN_ID) VALUES ('6130014952839', 5, (SELECT MAX(LIN_ID) FROM LINE_NUMBER));
INSERT INTO ITEM (SERIAL_NUMBER, NSN_ID) VALUES ('003379 ', (SELECT MAX(NSN_ID) FROM NSN_ON_HAND));
INSERT INTO ITEM (SERIAL_NUMBER, NSN_ID) VALUES ('010684 ', (SELECT MAX(NSN_ID) FROM NSN_ON_HAND));
INSERT INTO ITEM (SERIAL_NUMBER, NSN_ID) VALUES ('010687 ', (SELECT MAX(NSN_ID) FROM NSN_ON_HAND));
INSERT INTO ITEM (SERIAL_NUMBER, NSN_ID) VALUES ('010700 ', (SELECT MAX(NSN_ID) FROM NSN_ON_HAND));
INSERT INTO ITEM (SERIAL_NUMBER, NSN_ID) VALUES ('010704 ', (SELECT MAX(NSN_ID) FROM NSN_ON_HAND));
INSERT INTO LINE_NUMBER (LIN, NOMENCLATURE, AUTH_DOC, AUTHORIZED, REQUIRED, DUE_IN, PBIC) VALUES ('70210N', 'COMPUTER, MICRO LAP-TOP PORTABLE AC/DC W/BATTERY ', 'CTA 50-909', 56, 0, 0, (SELECT MAX(PBIC_ID) FROM PBIC));
INSERT INTO NATIONAL_STOCK_NUMBER (NSN, NOMENCLATURE, UNIT_OF_ISSUE, UNIT_PRICE) VALUES ('702101C129342', 'COMPUTER, MICRO LAP-TOP PORTABLE AC: TOU', 'EA', 3550.98);
INSERT INTO NSN_ON_HAND (NSN, ON_HAND, LIN_ID) VALUES ('702101C129342', 2, (SELECT MAX(LIN_ID) FROM LINE_NUMBER));
INSERT INTO ITEM (SERIAL_NUMBER, NSN_ID) VALUES ('91KSA86796 ', (SELECT MAX(NSN_ID) FROM NSN_ON_HAND));
INSERT INTO ITEM (SERIAL_NUMBER, NSN_ID) VALUES ('91KSA86896 ', (SELECT MAX(NSN_ID) FROM NSN_ON_HAND));
INSERT INTO LINE_NUMBER (LIN, NOMENCLATURE, AUTH_DOC, AUTHORIZED, REQUIRED, DUE_IN, PBIC) VALUES ('A23828', 'AIR CONDITIONER: FL/WALL A/C AC 115V 1PH 50-60CY ', 'CTA 50-909', 1, 0, 0, (SELECT MAX(PBIC_ID) FROM PBIC));
INSERT INTO NATIONAL_STOCK_NUMBER (NSN, NOMENCLATURE, UNIT_OF_ISSUE, UNIT_PRICE) VALUES ('4120013264370', 'AIR COND 9000 BTUH', 'EA', 6601);
INSERT INTO NSN_ON_HAND (NSN, ON_HAND, LIN_ID) VALUES ('4120013264370', 1, (SELECT MAX(LIN_ID) FROM LINE_NUMBER));
INSERT INTO ITEM (SERIAL_NUMBER, NSN_ID) VALUES ('917473 ', (SELECT MAX(NSN_ID) FROM NSN_ON_HAND));
INSERT INTO LINE_NUMBER (LIN, NOMENCLATURE, AUTH_DOC, AUTHORIZED, REQUIRED, DUE_IN, PBIC) VALUES ('A24017', 'AIR CONDITIONER: FL/WALL A/C AC 230V 1PH 60CY 180', '11103RFCFC', 0, 2, 0, (SELECT MAX(PBIC_ID) FROM PBIC));
INSERT INTO NATIONAL_STOCK_NUMBER (NSN, NOMENCLATURE, UNIT_OF_ISSUE, UNIT_PRICE) VALUES ('4120015234131', 'AIR CONDITIONE', 'EA', 8582);
INSERT INTO NSN_ON_HAND (NSN, ON_HAND, LIN_ID) VALUES ('4120015234131', 2, (SELECT MAX(LIN_ID) FROM LINE_NUMBER));
INSERT INTO ITEM (SERIAL_NUMBER, NSN_ID) VALUES ('A205-0191 ', (SELECT MAX(NSN_ID) FROM NSN_ON_HAND));
INSERT INTO ITEM (SERIAL_NUMBER, NSN_ID) VALUES ('A205-0299 ', (SELECT MAX(NSN_ID) FROM NSN_ON_HAND));
INSERT INTO LINE_NUMBER (LIN, NOMENCLATURE, AUTH_DOC, AUTHORIZED, REQUIRED, DUE_IN, PBIC) VALUES ('A33020', 'ALARM: CHEMICAL AGENT AUTOMATIC M22', '11103RFCFC', 8, 12, 0, (SELECT MAX(PBIC_ID) FROM PBIC));
INSERT INTO NATIONAL_STOCK_NUMBER (NSN, NOMENCLATURE, UNIT_OF_ISSUE, UNIT_PRICE) VALUES ('6665014386963', 'ALARM CHE AG AUTO M22', 'EA', 10000);
INSERT INTO NSN_ON_HAND (NSN, ON_HAND, LIN_ID) VALUES ('6665014386963', 9, (SELECT MAX(LIN_ID) FROM LINE_NUMBER));
INSERT INTO ITEM (SERIAL_NUMBER, NSN_ID) VALUES ('Y14-M-12091/Y14-D-12091 ', (SELECT MAX(NSN_ID) FROM NSN_ON_HAND));
INSERT INTO ITEM (SERIAL_NUMBER, NSN_ID) VALUES ('Y14-M-16903/Y14-D-16903 ', (SELECT MAX(NSN_ID) FROM NSN_ON_HAND));
INSERT INTO ITEM (SERIAL_NUMBER, NSN_ID) VALUES ('Y14-M-16983/Y14-D-16983 ', (SELECT MAX(NSN_ID) FROM NSN_ON_HAND));
INSERT INTO ITEM (SERIAL_NUMBER, NSN_ID) VALUES ('Y14-M-17086/Y14-D-17086 ', (SELECT MAX(NSN_ID) FROM NSN_ON_HAND));
INSERT INTO ITEM (SERIAL_NUMBER, NSN_ID) VALUES ('Y14-M-17320/Y14-D-17320 ', (SELECT MAX(NSN_ID) FROM NSN_ON_HAND));
INSERT INTO ITEM (SERIAL_NUMBER, NSN_ID) VALUES ('Y14-M-17332/Y14-D-17332 ', (SELECT MAX(NSN_ID) FROM NSN_ON_HAND));
INSERT INTO ITEM (SERIAL_NUMBER, NSN_ID) VALUES ('Y14-M-17413/Y14-D-17413 ', (SELECT MAX(NSN_ID) FROM NSN_ON_HAND));
INSERT INTO ITEM (SERIAL_NUMBER, NSN_ID) VALUES ('Y14-M-17420/Y14-D-17420 ', (SELECT MAX(NSN_ID) FROM NSN_ON_HAND));
INSERT INTO ITEM (SERIAL_NUMBER, NSN_ID) VALUES ('Y14-M-17466/Y14-D-17466 ', (SELECT MAX(NSN_ID) FROM NSN_ON_HAND));
INSERT INTO NATIONAL_STOCK_NUMBER (NSN, NOMENCLATURE, UNIT_OF_ISSUE, UNIT_PRICE) VALUES ('6665015522704', 'DETECTOR CHEMICAL A', 'EA', 3853);
INSERT INTO NSN_ON_HAND (NSN, ON_HAND, LIN_ID) VALUES ('6665015522704', 12, (SELECT MAX(LIN_ID) FROM LINE_NUMBER));
INSERT INTO ITEM (SERIAL_NUMBER, NSN_ID) VALUES ('M4036233 ', (SELECT MAX(NSN_ID) FROM NSN_ON_HAND));
INSERT INTO ITEM (SERIAL_NUMBER, NSN_ID) VALUES ('M4036273 ', (SELECT MAX(NSN_ID) FROM NSN_ON_HAND));
INSERT INTO ITEM (SERIAL_NUMBER, NSN_ID) VALUES ('M4036277 ', (SELECT MAX(NSN_ID) FROM NSN_ON_HAND));
INSERT INTO ITEM (SERIAL_NUMBER, NSN_ID) VALUES ('M4036283 ', (SELECT MAX(NSN_ID) FROM NSN_ON_HAND));
INSERT INTO ITEM (SERIAL_NUMBER, NSN_ID) VALUES ('M4036873 ', (SELECT MAX(NSN_ID) FROM NSN_ON_HAND));
INSERT INTO ITEM (SERIAL_NUMBER, NSN_ID) VALUES ('M4036881 ', (SELECT MAX(NSN_ID) FROM NSN_ON_HAND));
INSERT INTO ITEM (SERIAL_NUMBER, NSN_ID) VALUES ('M4036936 ', (SELECT MAX(NSN_ID) FROM NSN_ON_HAND));
INSERT INTO ITEM (SERIAL_NUMBER, NSN_ID) VALUES ('M4036940 ', (SELECT MAX(NSN_ID) FROM NSN_ON_HAND));
INSERT INTO ITEM (SERIAL_NUMBER, NSN_ID) VALUES ('M4036955 ', (SELECT MAX(NSN_ID) FROM NSN_ON_HAND));
INSERT INTO ITEM (SERIAL_NUMBER, NSN_ID) VALUES ('M4036966 ', (SELECT MAX(NSN_ID) FROM NSN_ON_HAND));
INSERT INTO ITEM (SERIAL_NUMBER, NSN_ID) VALUES ('M4037017 ', (SELECT MAX(NSN_ID) FROM NSN_ON_HAND));
INSERT INTO ITEM (SERIAL_NUMBER, NSN_ID) VALUES ('M4037025 ', (SELECT MAX(NSN_ID) FROM NSN_ON_HAND));
INSERT INTO LINE_NUMBER (LIN, NOMENCLATURE, AUTH_DOC, AUTHORIZED, REQUIRED, DUE_IN, PBIC) VALUES ('A34938', 'AIMING LIGHT INFRARED: AN/PAQ-4', 'TM/LTR/MSG/Spec Auth', 0, 0, 0, (SELECT MAX(PBIC_ID) FROM PBIC));
INSERT INTO NATIONAL_STOCK_NUMBER (NSN, NOMENCLATURE, UNIT_OF_ISSUE, UNIT_PRICE) VALUES ('5855014478992', 'ILLUMI INFR AN/PEQ-2A', 'EA', 1050);
INSERT INTO NSN_ON_HAND (NSN, ON_HAND, LIN_ID) VALUES ('5855014478992', 19, (SELECT MAX(LIN_ID) FROM LINE_NUMBER));
INSERT INTO ITEM (SERIAL_NUMBER, NSN_ID) VALUES ('047410A ', (SELECT MAX(NSN_ID) FROM NSN_ON_HAND));
INSERT INTO ITEM (SERIAL_NUMBER, NSN_ID) VALUES ('053889A ', (SELECT MAX(NSN_ID) FROM NSN_ON_HAND));
INSERT INTO ITEM (SERIAL_NUMBER, NSN_ID) VALUES ('053993A ', (SELECT MAX(NSN_ID) FROM NSN_ON_HAND));
INSERT INTO ITEM (SERIAL_NUMBER, NSN_ID) VALUES ('053997A ', (SELECT MAX(NSN_ID) FROM NSN_ON_HAND));
INSERT INTO ITEM (SERIAL_NUMBER, NSN_ID) VALUES ('054034A ', (SELECT MAX(NSN_ID) FROM NSN_ON_HAND));
INSERT INTO ITEM (SERIAL_NUMBER, NSN_ID) VALUES ('100755A ', (SELECT MAX(NSN_ID) FROM NSN_ON_HAND));
INSERT INTO ITEM (SERIAL_NUMBER, NSN_ID) VALUES ('100756A ', (SELECT MAX(NSN_ID) FROM NSN_ON_HAND));
INSERT INTO ITEM (SERIAL_NUMBER, NSN_ID) VALUES ('100758A ', (SELECT MAX(NSN_ID) FROM NSN_ON_HAND));
INSERT INTO ITEM (SERIAL_NUMBER, NSN_ID) VALUES ('100759A ', (SELECT MAX(NSN_ID) FROM NSN_ON_HAND));
INSERT INTO ITEM (SERIAL_NUMBER, NSN_ID) VALUES ('100761A ', (SELECT MAX(NSN_ID) FROM NSN_ON_HAND));
INSERT INTO ITEM (SERIAL_NUMBER, NSN_ID) VALUES ('100763A ', (SELECT MAX(NSN_ID) FROM NSN_ON_HAND));
INSERT INTO ITEM (SERIAL_NUMBER, NSN_ID) VALUES ('100764A ', (SELECT MAX(NSN_ID) FROM NSN_ON_HAND));
INSERT INTO ITEM (SERIAL_NUMBER, NSN_ID) VALUES ('100767A ', (SELECT MAX(NSN_ID) FROM NSN_ON_HAND));
INSERT INTO ITEM (SERIAL_NUMBER, NSN_ID) VALUES ('100768A ', (SELECT MAX(NSN_ID) FROM NSN_ON_HAND));
INSERT INTO ITEM (SERIAL_NUMBER, NSN_ID) VALUES ('100769A ', (SELECT MAX(NSN_ID) FROM NSN_ON_HAND));
INSERT INTO ITEM (SERIAL_NUMBER, NSN_ID) VALUES ('100770A ', (SELECT MAX(NSN_ID) FROM NSN_ON_HAND));
INSERT INTO ITEM (SERIAL_NUMBER, NSN_ID) VALUES ('100771A ', (SELECT MAX(NSN_ID) FROM NSN_ON_HAND));
INSERT INTO ITEM (SERIAL_NUMBER, NSN_ID) VALUES ('100772A ', (SELECT MAX(NSN_ID) FROM NSN_ON_HAND));
INSERT INTO ITEM (SERIAL_NUMBER, NSN_ID) VALUES ('100774A ', (SELECT MAX(NSN_ID) FROM NSN_ON_HAND));
INSERT INTO NATIONAL_STOCK_NUMBER (NSN, NOMENCLATURE, UNIT_OF_ISSUE, UNIT_PRICE) VALUES ('5855015345931', 'ILLUMIN INFRARED', 'EA', 789);
INSERT INTO NSN_ON_HAND (NSN, ON_HAND, LIN_ID) VALUES ('5855015345931', 24, (SELECT MAX(LIN_ID) FROM LINE_NUMBER));
INSERT INTO ITEM (SERIAL_NUMBER, NSN_ID) VALUES ('A301443 ', (SELECT MAX(NSN_ID) FROM NSN_ON_HAND));
INSERT INTO ITEM (SERIAL_NUMBER, NSN_ID) VALUES ('A301444 ', (SELECT MAX(NSN_ID) FROM NSN_ON_HAND));
INSERT INTO ITEM (SERIAL_NUMBER, NSN_ID) VALUES ('A301448 ', (SELECT MAX(NSN_ID) FROM NSN_ON_HAND));
INSERT INTO ITEM (SERIAL_NUMBER, NSN_ID) VALUES ('A301450 ', (SELECT MAX(NSN_ID) FROM NSN_ON_HAND));
INSERT INTO ITEM (SERIAL_NUMBER, NSN_ID) VALUES ('A301461 ', (SELECT MAX(NSN_ID) FROM NSN_ON_HAND));
INSERT INTO ITEM (SERIAL_NUMBER, NSN_ID) VALUES ('A301463 ', (SELECT MAX(NSN_ID) FROM NSN_ON_HAND));
INSERT INTO ITEM (SERIAL_NUMBER, NSN_ID) VALUES ('A301557 ', (SELECT MAX(NSN_ID) FROM NSN_ON_HAND));
INSERT INTO ITEM (SERIAL_NUMBER, NSN_ID) VALUES ('A301606 ', (SELECT MAX(NSN_ID) FROM NSN_ON_HAND));
INSERT INTO ITEM (SERIAL_NUMBER, NSN_ID) VALUES ('A301703 ', (SELECT MAX(NSN_ID) FROM NSN_ON_HAND));
INSERT INTO ITEM (SERIAL_NUMBER, NSN_ID) VALUES ('A301810 ', (SELECT MAX(NSN_ID) FROM NSN_ON_HAND));
INSERT INTO ITEM (SERIAL_NUMBER, NSN_ID) VALUES ('S239014 ', (SELECT MAX(NSN_ID) FROM NSN_ON_HAND));
INSERT INTO ITEM (SERIAL_NUMBER, NSN_ID) VALUES ('S239116 ', (SELECT MAX(NSN_ID) FROM NSN_ON_HAND));
INSERT INTO ITEM (SERIAL_NUMBER, NSN_ID) VALUES ('S239119 ', (SELECT MAX(NSN_ID) FROM NSN_ON_HAND));
INSERT INTO ITEM (SERIAL_NUMBER, NSN_ID) VALUES ('S239123 ', (SELECT MAX(NSN_ID) FROM NSN_ON_HAND));
INSERT INTO ITEM (SERIAL_NUMBER, NSN_ID) VALUES ('S239256 ', (SELECT MAX(NSN_ID) FROM NSN_ON_HAND));
INSERT INTO ITEM (SERIAL_NUMBER, NSN_ID) VALUES ('S239486 ', (SELECT MAX(NSN_ID) FROM NSN_ON_HAND));
INSERT INTO ITEM (SERIAL_NUMBER, NSN_ID) VALUES ('S239532 ', (SELECT MAX(NSN_ID) FROM NSN_ON_HAND));
INSERT INTO ITEM (SERIAL_NUMBER, NSN_ID) VALUES ('S286470 ', (SELECT MAX(NSN_ID) FROM NSN_ON_HAND));
INSERT INTO ITEM (SERIAL_NUMBER, NSN_ID) VALUES ('S286888 ', (SELECT MAX(NSN_ID) FROM NSN_ON_HAND));
INSERT INTO ITEM (SERIAL_NUMBER, NSN_ID) VALUES ('S286927 ', (SELECT MAX(NSN_ID) FROM NSN_ON_HAND));
INSERT INTO ITEM (SERIAL_NUMBER, NSN_ID) VALUES ('S286935 ', (SELECT MAX(NSN_ID) FROM NSN_ON_HAND));
INSERT INTO ITEM (SERIAL_NUMBER, NSN_ID) VALUES ('S286954 ', (SELECT MAX(NSN_ID) FROM NSN_ON_HAND));
INSERT INTO ITEM (SERIAL_NUMBER, NSN_ID) VALUES ('S287014 ', (SELECT MAX(NSN_ID) FROM NSN_ON_HAND));
INSERT INTO ITEM (SERIAL_NUMBER, NSN_ID) VALUES ('S287038 ', (SELECT MAX(NSN_ID) FROM NSN_ON_HAND));
INSERT INTO LINE_NUMBER (LIN, NOMENCLATURE, AUTH_DOC, AUTHORIZED, REQUIRED, DUE_IN, PBIC) VALUES ('A79381', 'ANTENNA GROUP: OE-254()/GRC', '11103RFCFC', 21, 27, 0, (SELECT MAX(PBIC_ID) FROM PBIC));
INSERT INTO NATIONAL_STOCK_NUMBER (NSN, NOMENCLATURE, UNIT_OF_ISSUE, UNIT_PRICE) VALUES ('5985010631574', 'ANT GRP OE-254()/GRC', 'EA', 1019);
INSERT INTO NSN_ON_HAND (NSN, ON_HAND, LIN_ID) VALUES ('5985010631574', 27, (SELECT MAX(LIN_ID) FROM LINE_NUMBER));
INSERT INTO LINE_NUMBER (LIN, NOMENCLATURE, AUTH_DOC, AUTHORIZED, REQUIRED, DUE_IN, PBIC) VALUES ('A81826', 'ANTENNA: AB-1404/TRC', '11103RFCFC', 0, 2, 0, (SELECT MAX(PBIC_ID) FROM PBIC));
INSERT INTO LINE_NUMBER (LIN, NOMENCLATURE, AUTH_DOC, AUTHORIZED, REQUIRED, DUE_IN, PBIC) VALUES ('B49272', 'BAYONET-KNIFE: W/SCABBARD FOR M16A1 RIFLE', '11103RFCFC', 36, 56, 0, (SELECT MAX(PBIC_ID) FROM PBIC));
INSERT INTO NATIONAL_STOCK_NUMBER (NSN, NOMENCLATURE, UNIT_OF_ISSUE, UNIT_PRICE) VALUES ('1095012271739', 'BAYONET MULTI SYS M9', 'EA', 50.81);
INSERT INTO NSN_ON_HAND (NSN, ON_HAND, LIN_ID) VALUES ('1095012271739', 64, (SELECT MAX(LIN_ID) FROM LINE_NUMBER));
INSERT INTO LINE_NUMBER (LIN, NOMENCLATURE, AUTH_DOC, AUTHORIZED, REQUIRED, DUE_IN, PBIC) VALUES ('B60351', 'BORESIGHTING EQUIPMENT WEAPON: SMALL ARMS M30', 'CTA 50-909', 1, 0, 0, (SELECT MAX(PBIC_ID) FROM PBIC));
INSERT INTO NATIONAL_STOCK_NUMBER (NSN, NOMENCLATURE, UNIT_OF_ISSUE, UNIT_PRICE) VALUES ('4933013947781', 'BORESIGHT EQUIP M30', 'EA', 658);
INSERT INTO NSN_ON_HAND (NSN, ON_HAND, LIN_ID) VALUES ('4933013947781', 1, (SELECT MAX(LIN_ID) FROM LINE_NUMBER));
INSERT INTO ITEM (SERIAL_NUMBER, NSN_ID) VALUES ('4625 ', (SELECT MAX(NSN_ID) FROM NSN_ON_HAND));
INSERT INTO LINE_NUMBER (LIN, NOMENCLATURE, AUTH_DOC, AUTHORIZED, REQUIRED, DUE_IN, PBIC) VALUES ('B67234', 'BATTALION COMMAND POST SWITCHING GROUP: OM-XXX', '11103RFCFC', 0, 1, 0, (SELECT MAX(PBIC_ID) FROM PBIC));
INSERT INTO NATIONAL_STOCK_NUMBER (NSN, NOMENCLATURE, UNIT_OF_ISSUE, UNIT_PRICE) VALUES ('5895015650362', 'SWITCHING SET,COMMU', 'EA', 202101);
INSERT INTO NSN_ON_HAND (NSN, ON_HAND, LIN_ID) VALUES ('5895015650362', 2, (SELECT MAX(LIN_ID) FROM LINE_NUMBER));
INSERT INTO ITEM (SERIAL_NUMBER, NSN_ID) VALUES ('000011444 ', (SELECT MAX(NSN_ID) FROM NSN_ON_HAND));
INSERT INTO LINE_NUMBER (LIN, NOMENCLATURE, AUTH_DOC, AUTHORIZED, REQUIRED, DUE_IN, PBIC) VALUES ('B67766', 'BINOCULAR: MODULAR CONSTRUCTION MIL SCALE RETICLE', '11103RFCFC', 6, 8, 0, (SELECT MAX(PBIC_ID) FROM PBIC));
INSERT INTO NATIONAL_STOCK_NUMBER (NSN, NOMENCLATURE, UNIT_OF_ISSUE, UNIT_PRICE) VALUES ('1240013611318', 'BINOCULA MOD CN M22', 'EA', 354);
INSERT INTO NSN_ON_HAND (NSN, ON_HAND, LIN_ID) VALUES ('1240013611318', 6, (SELECT MAX(LIN_ID) FROM LINE_NUMBER));
INSERT INTO LINE_NUMBER (LIN, NOMENCLATURE, AUTH_DOC, AUTHORIZED, REQUIRED, DUE_IN, PBIC) VALUES ('B67839', 'BINOCULAR: M24', '', 9, 0, 0, (SELECT MAX(PBIC_ID) FROM PBIC));
INSERT INTO NATIONAL_STOCK_NUMBER (NSN, NOMENCLATURE, UNIT_OF_ISSUE, UNIT_PRICE) VALUES ('1240014993547', 'M24 BINOCULAR', 'EA', 368);
INSERT INTO NSN_ON_HAND (NSN, ON_HAND, LIN_ID) VALUES ('1240014993547', 9, (SELECT MAX(LIN_ID) FROM LINE_NUMBER));
INSERT INTO LINE_NUMBER (LIN, NOMENCLATURE, AUTH_DOC, AUTHORIZED, REQUIRED, DUE_IN, PBIC) VALUES ('C05002', 'COMPUTER SYS DIGITAL: AN/PYQ-10(C)', '11103RFCFC', 12, 22, 0, (SELECT MAX(PBIC_ID) FROM PBIC));
INSERT INTO NATIONAL_STOCK_NUMBER (NSN, NOMENCLATURE, UNIT_OF_ISSUE, UNIT_PRICE) VALUES ('5810015173587', 'TRANSFER UNIT,CRYPT', 'EA', 2919);
INSERT INTO NSN_ON_HAND (NSN, ON_HAND, LIN_ID) VALUES ('5810015173587', 22, (SELECT MAX(LIN_ID) FROM LINE_NUMBER));
INSERT INTO ITEM (SERIAL_NUMBER, NSN_ID) VALUES ('169436 ', (SELECT MAX(NSN_ID) FROM NSN_ON_HAND));
INSERT INTO ITEM (SERIAL_NUMBER, NSN_ID) VALUES ('200454 ', (SELECT MAX(NSN_ID) FROM NSN_ON_HAND));
INSERT INTO ITEM (SERIAL_NUMBER, NSN_ID) VALUES ('200466 ', (SELECT MAX(NSN_ID) FROM NSN_ON_HAND));
INSERT INTO ITEM (SERIAL_NUMBER, NSN_ID) VALUES ('200468 ', (SELECT MAX(NSN_ID) FROM NSN_ON_HAND));
INSERT INTO ITEM (SERIAL_NUMBER, NSN_ID) VALUES ('200480 ', (SELECT MAX(NSN_ID) FROM NSN_ON_HAND));
INSERT INTO ITEM (SERIAL_NUMBER, NSN_ID) VALUES ('200537 ', (SELECT MAX(NSN_ID) FROM NSN_ON_HAND));
INSERT INTO ITEM (SERIAL_NUMBER, NSN_ID) VALUES ('200548 ', (SELECT MAX(NSN_ID) FROM NSN_ON_HAND));
INSERT INTO ITEM (SERIAL_NUMBER, NSN_ID) VALUES ('200551 ', (SELECT MAX(NSN_ID) FROM NSN_ON_HAND));
INSERT INTO ITEM (SERIAL_NUMBER, NSN_ID) VALUES ('200554 ', (SELECT MAX(NSN_ID) FROM NSN_ON_HAND));
INSERT INTO ITEM (SERIAL_NUMBER, NSN_ID) VALUES ('200557 ', (SELECT MAX(NSN_ID) FROM NSN_ON_HAND));
INSERT INTO ITEM (SERIAL_NUMBER, NSN_ID) VALUES ('200650 ', (SELECT MAX(NSN_ID) FROM NSN_ON_HAND));
INSERT INTO ITEM (SERIAL_NUMBER, NSN_ID) VALUES ('200899 ', (SELECT MAX(NSN_ID) FROM NSN_ON_HAND));
INSERT INTO ITEM (SERIAL_NUMBER, NSN_ID) VALUES ('200910 ', (SELECT MAX(NSN_ID) FROM NSN_ON_HAND));
INSERT INTO ITEM (SERIAL_NUMBER, NSN_ID) VALUES ('200936 ', (SELECT MAX(NSN_ID) FROM NSN_ON_HAND));
INSERT INTO ITEM (SERIAL_NUMBER, NSN_ID) VALUES ('201024 ', (SELECT MAX(NSN_ID) FROM NSN_ON_HAND));
INSERT INTO ITEM (SERIAL_NUMBER, NSN_ID) VALUES ('201077 ', (SELECT MAX(NSN_ID) FROM NSN_ON_HAND));
INSERT INTO ITEM (SERIAL_NUMBER, NSN_ID) VALUES ('201087 ', (SELECT MAX(NSN_ID) FROM NSN_ON_HAND));
INSERT INTO ITEM (SERIAL_NUMBER, NSN_ID) VALUES ('204253 ', (SELECT MAX(NSN_ID) FROM NSN_ON_HAND));
INSERT INTO ITEM (SERIAL_NUMBER, NSN_ID) VALUES ('234118. ', (SELECT MAX(NSN_ID) FROM NSN_ON_HAND));
INSERT INTO ITEM (SERIAL_NUMBER, NSN_ID) VALUES ('234123. ', (SELECT MAX(NSN_ID) FROM NSN_ON_HAND));
INSERT INTO ITEM (SERIAL_NUMBER, NSN_ID) VALUES ('234182. ', (SELECT MAX(NSN_ID) FROM NSN_ON_HAND));
INSERT INTO ITEM (SERIAL_NUMBER, NSN_ID) VALUES ('234264. ', (SELECT MAX(NSN_ID) FROM NSN_ON_HAND));
INSERT INTO LINE_NUMBER (LIN, NOMENCLATURE, AUTH_DOC, AUTHORIZED, REQUIRED, DUE_IN, PBIC) VALUES ('C05003', 'COMPUTER DIGITAL MISSION PLANNER: AN/PYQ-19', 'CTA 50-900', 2, 0, 0, (SELECT MAX(PBIC_ID) FROM PBIC));
INSERT INTO NATIONAL_STOCK_NUMBER (NSN, NOMENCLATURE, UNIT_OF_ISSUE, UNIT_PRICE) VALUES ('7021015802599', 'COMPUTER,DIGITAL,MI', 'EA', 50000);
INSERT INTO NSN_ON_HAND (NSN, ON_HAND, LIN_ID) VALUES ('7021015802599', 2, (SELECT MAX(LIN_ID) FROM LINE_NUMBER));
INSERT INTO ITEM (SERIAL_NUMBER, NSN_ID) VALUES ('408 ', (SELECT MAX(NSN_ID) FROM NSN_ON_HAND));
INSERT INTO ITEM (SERIAL_NUMBER, NSN_ID) VALUES ('409 ', (SELECT MAX(NSN_ID) FROM NSN_ON_HAND));
INSERT INTO LINE_NUMBER (LIN, NOMENCLATURE, AUTH_DOC, AUTHORIZED, REQUIRED, DUE_IN, PBIC) VALUES ('C05017', 'COM ST GEN INFO DAT: AN/GYK-49(V)4', 'AR 840-10', 1, 0, 0, (SELECT MAX(PBIC_ID) FROM PBIC));
INSERT INTO NATIONAL_STOCK_NUMBER (NSN, NOMENCLATURE, UNIT_OF_ISSUE, UNIT_PRICE) VALUES ('7010015795761', 'COMPUTER SET,GENERA', 'EA', 4195);
INSERT INTO NSN_ON_HAND (NSN, ON_HAND, LIN_ID) VALUES ('7010015795761', 1, (SELECT MAX(LIN_ID) FROM LINE_NUMBER));
INSERT INTO ITEM (SERIAL_NUMBER, NSN_ID) VALUES ('6YGZTL1 ', (SELECT MAX(NSN_ID) FROM NSN_ON_HAND));
INSERT INTO LINE_NUMBER (LIN, NOMENCLATURE, AUTH_DOC, AUTHORIZED, REQUIRED, DUE_IN, PBIC) VALUES ('C05021', 'COMMUNICATION SYSTEM: AN/MRC-149', '11103RFCFC', 3, 0, 0, (SELECT MAX(PBIC_ID) FROM PBIC));
INSERT INTO LINE_NUMBER (LIN, NOMENCLATURE, AUTH_DOC, AUTHORIZED, REQUIRED, DUE_IN, PBIC) VALUES ('C05022', 'CENTRAL COMMUNICATIONS: AN/MSC-82', '11103RFCFC', 3, 0, 0, (SELECT MAX(PBIC_ID) FROM PBIC));
INSERT INTO LINE_NUMBER (LIN, NOMENCLATURE, AUTH_DOC, AUTHORIZED, REQUIRED, DUE_IN, PBIC) VALUES ('C05069', 'COMPUTER SET: DIGITAL AN/UYK-128(V)1', '11103RFCFC', 0, 14, 0, (SELECT MAX(PBIC_ID) FROM PBIC));
INSERT INTO NATIONAL_STOCK_NUMBER (NSN, NOMENCLATURE, UNIT_OF_ISSUE, UNIT_PRICE) VALUES ('7010014755277', 'COMPUTER SET DIGI', 'EA', 15954);
INSERT INTO NSN_ON_HAND (NSN, ON_HAND, LIN_ID) VALUES ('7010014755277', 17, (SELECT MAX(LIN_ID) FROM LINE_NUMBER));
INSERT INTO ITEM (SERIAL_NUMBER, NSN_ID) VALUES ('J5PU245920 ', (SELECT MAX(NSN_ID) FROM NSN_ON_HAND));
INSERT INTO ITEM (SERIAL_NUMBER, NSN_ID) VALUES ('J5PU245921 ', (SELECT MAX(NSN_ID) FROM NSN_ON_HAND));
INSERT INTO ITEM (SERIAL_NUMBER, NSN_ID) VALUES ('J5PU245979 ', (SELECT MAX(NSN_ID) FROM NSN_ON_HAND));
INSERT INTO ITEM (SERIAL_NUMBER, NSN_ID) VALUES ('J5PU246019 ', (SELECT MAX(NSN_ID) FROM NSN_ON_HAND));
INSERT INTO ITEM (SERIAL_NUMBER, NSN_ID) VALUES ('J5PU246117 ', (SELECT MAX(NSN_ID) FROM NSN_ON_HAND));
INSERT INTO ITEM (SERIAL_NUMBER, NSN_ID) VALUES ('J5PU246128 ', (SELECT MAX(NSN_ID) FROM NSN_ON_HAND));
INSERT INTO ITEM (SERIAL_NUMBER, NSN_ID) VALUES ('J5PU246131 ', (SELECT MAX(NSN_ID) FROM NSN_ON_HAND));
INSERT INTO ITEM (SERIAL_NUMBER, NSN_ID) VALUES ('J5PU246140 ', (SELECT MAX(NSN_ID) FROM NSN_ON_HAND));
INSERT INTO ITEM (SERIAL_NUMBER, NSN_ID) VALUES ('J5PU246153 ', (SELECT MAX(NSN_ID) FROM NSN_ON_HAND));
INSERT INTO ITEM (SERIAL_NUMBER, NSN_ID) VALUES ('J5PU246159 ', (SELECT MAX(NSN_ID) FROM NSN_ON_HAND));
INSERT INTO ITEM (SERIAL_NUMBER, NSN_ID) VALUES ('J5PU246160 ', (SELECT MAX(NSN_ID) FROM NSN_ON_HAND));
INSERT INTO ITEM (SERIAL_NUMBER, NSN_ID) VALUES ('J5PU246165 ', (SELECT MAX(NSN_ID) FROM NSN_ON_HAND));
INSERT INTO ITEM (SERIAL_NUMBER, NSN_ID) VALUES ('J5PU246167 ', (SELECT MAX(NSN_ID) FROM NSN_ON_HAND));
INSERT INTO ITEM (SERIAL_NUMBER, NSN_ID) VALUES ('J5PU246181 ', (SELECT MAX(NSN_ID) FROM NSN_ON_HAND));
INSERT INTO ITEM (SERIAL_NUMBER, NSN_ID) VALUES ('J5PU246182 ', (SELECT MAX(NSN_ID) FROM NSN_ON_HAND));
INSERT INTO ITEM (SERIAL_NUMBER, NSN_ID) VALUES ('J5PU246188 ', (SELECT MAX(NSN_ID) FROM NSN_ON_HAND));
INSERT INTO ITEM (SERIAL_NUMBER, NSN_ID) VALUES ('J5PU246219 ', (SELECT MAX(NSN_ID) FROM NSN_ON_HAND));
INSERT INTO LINE_NUMBER (LIN, NOMENCLATURE, AUTH_DOC, AUTHORIZED, REQUIRED, DUE_IN, PBIC) VALUES ('C05701', 'MONITOR CHEMICAL AGENT:', '11103RFCFC', 2, 2, 0, (SELECT MAX(PBIC_ID) FROM PBIC));
INSERT INTO NATIONAL_STOCK_NUMBER (NSN, NOMENCLATURE, UNIT_OF_ISSUE, UNIT_PRICE) VALUES ('6665013578502', 'IMPROVED CHEM AGT MON', 'EA', 5500);
INSERT INTO NSN_ON_HAND (NSN, ON_HAND, LIN_ID) VALUES ('6665013578502', 2, (SELECT MAX(LIN_ID) FROM LINE_NUMBER));
INSERT INTO ITEM (SERIAL_NUMBER, NSN_ID) VALUES ('Z47-C-04467/Z47-M-03815 ', (SELECT MAX(NSN_ID) FROM NSN_ON_HAND));
INSERT INTO ITEM (SERIAL_NUMBER, NSN_ID) VALUES ('Z47-C-04713/Z47-M-03841 ', (SELECT MAX(NSN_ID) FROM NSN_ON_HAND));
INSERT INTO LINE_NUMBER (LIN, NOMENCLATURE, AUTH_DOC, AUTHORIZED, REQUIRED, DUE_IN, PBIC) VALUES ('C13825', 'CONTAINER CARGO: REUSEABLE W/O -MECHANICAL RESTRA', 'CTA 50-909', 1, 0, 0, (SELECT MAX(PBIC_ID) FROM PBIC));
INSERT INTO NATIONAL_STOCK_NUMBER (NSN, NOMENCLATURE, UNIT_OF_ISSUE, UNIT_PRICE) VALUES ('8115012417524', 'CONTAINER 105-11300-A', 'EA', 5457);
INSERT INTO NSN_ON_HAND (NSN, ON_HAND, LIN_ID) VALUES ('8115012417524', 1, (SELECT MAX(LIN_ID) FROM LINE_NUMBER));
INSERT INTO LINE_NUMBER (LIN, NOMENCLATURE, AUTH_DOC, AUTHORIZED, REQUIRED, DUE_IN, PBIC) VALUES ('C18297', 'COMPUTER SET GENERAL: AN/GKY-33E', 'CTA 50-909', 1, 0, 0, (SELECT MAX(PBIC_ID) FROM PBIC));
INSERT INTO NATIONAL_STOCK_NUMBER (NSN, NOMENCLATURE, UNIT_OF_ISSUE, UNIT_PRICE) VALUES ('7010014478812', 'COMP ST GN AN/GYK-33B', 'EA', 25275);
INSERT INTO NSN_ON_HAND (NSN, ON_HAND, LIN_ID) VALUES ('7010014478812', 1, (SELECT MAX(LIN_ID) FROM LINE_NUMBER));
INSERT INTO ITEM (SERIAL_NUMBER, NSN_ID) VALUES ('0AKSA01345 ', (SELECT MAX(NSN_ID) FROM NSN_ON_HAND));
INSERT INTO LINE_NUMBER (LIN, NOMENCLATURE, AUTH_DOC, AUTHORIZED, REQUIRED, DUE_IN, PBIC) VALUES ('C18378', 'COMPUTER SET DIGITAL: AN/UYK-128', '11103RFCFC', 7, 0, 0, (SELECT MAX(PBIC_ID) FROM PBIC));
INSERT INTO LINE_NUMBER (LIN, NOMENCLATURE, AUTH_DOC, AUTHORIZED, REQUIRED, DUE_IN, PBIC) VALUES ('C18380', 'COMPUTER SYSTEM: DIGITAL AN/PSQ-17', 'CTA 50-909', 2, 0, 0, (SELECT MAX(PBIC_ID) FROM PBIC));
INSERT INTO NATIONAL_STOCK_NUMBER (NSN, NOMENCLATURE, UNIT_OF_ISSUE, UNIT_PRICE) VALUES ('7010015007254', 'COM SYS DIG AN/PSQ-17', 'EA', 5590);
INSERT INTO NSN_ON_HAND (NSN, ON_HAND, LIN_ID) VALUES ('7010015007254', 2, (SELECT MAX(LIN_ID) FROM LINE_NUMBER));
INSERT INTO ITEM (SERIAL_NUMBER, NSN_ID) VALUES ('2FKSB02098 ', (SELECT MAX(NSN_ID) FROM NSN_ON_HAND));
INSERT INTO ITEM (SERIAL_NUMBER, NSN_ID) VALUES ('2KKYC01055 ', (SELECT MAX(NSN_ID) FROM NSN_ON_HAND));
INSERT INTO LINE_NUMBER (LIN, NOMENCLATURE, AUTH_DOC, AUTHORIZED, REQUIRED, DUE_IN, PBIC) VALUES ('C27707', 'COMPUTER SYSTEM: DIGITAL AN/TYQ-109(V)1', '11103RFCFC', 1, 1, 0, (SELECT MAX(PBIC_ID) FROM PBIC));
INSERT INTO NATIONAL_STOCK_NUMBER (NSN, NOMENCLATURE, UNIT_OF_ISSUE, UNIT_PRICE) VALUES ('7010014728107', 'CO SYS AN/TYQ-109(V)1', 'EA', 5000);
INSERT INTO NSN_ON_HAND (NSN, ON_HAND, LIN_ID) VALUES ('7010014728107', 1, (SELECT MAX(LIN_ID) FROM LINE_NUMBER));
INSERT INTO ITEM (SERIAL_NUMBER, NSN_ID) VALUES ('85C21R1/0 ', (SELECT MAX(NSN_ID) FROM NSN_ON_HAND));
INSERT INTO LINE_NUMBER (LIN, NOMENCLATURE, AUTH_DOC, AUTHORIZED, REQUIRED, DUE_IN, PBIC) VALUES ('C27838', 'CMP ST DIG: SAMS-1E-V1', 'CTA 50-909', 1, 0, 0, (SELECT MAX(PBIC_ID) FROM PBIC));
INSERT INTO NATIONAL_STOCK_NUMBER (NSN, NOMENCLATURE, UNIT_OF_ISSUE, UNIT_PRICE) VALUES ('7010015385103', 'COM ST DIG AN/TYQ-139', 'EA', 3200);
INSERT INTO NSN_ON_HAND (NSN, ON_HAND, LIN_ID) VALUES ('7010015385103', 1, (SELECT MAX(LIN_ID) FROM LINE_NUMBER));
INSERT INTO LINE_NUMBER (LIN, NOMENCLATURE, AUTH_DOC, AUTHORIZED, REQUIRED, DUE_IN, PBIC) VALUES ('334SAM', '', '', 0, 0, 0, (SELECT MAX(PBIC_ID) FROM PBIC));
INSERT INTO LINE_NUMBER (LIN, NOMENCLATURE, AUTH_DOC, AUTHORIZED, REQUIRED, DUE_IN, PBIC) VALUES ('C27963', 'COMPUTER SYSEM: DIGITAL', 'CTA 50-909', 1, 0, 0, (SELECT MAX(PBIC_ID) FROM PBIC));
INSERT INTO NATIONAL_STOCK_NUMBER (NSN, NOMENCLATURE, UNIT_OF_ISSUE, UNIT_PRICE) VALUES ('7010015527849', 'COMPUTER SYS: DIG', 'EA', 10222.38);
INSERT INTO NSN_ON_HAND (NSN, ON_HAND, LIN_ID) VALUES ('7010015527849', 1, (SELECT MAX(LIN_ID) FROM LINE_NUMBER));
INSERT INTO ITEM (SERIAL_NUMBER, NSN_ID) VALUES ('J85MFD1 ', (SELECT MAX(NSN_ID) FROM NSN_ON_HAND));
INSERT INTO LINE_NUMBER (LIN, NOMENCLATURE, AUTH_DOC, AUTHORIZED, REQUIRED, DUE_IN, PBIC) VALUES ('C41314', 'COMMAND VARIANT VEH: (CV)', '11103RFCFC', 0, 2, 0, (SELECT MAX(PBIC_ID) FROM PBIC));
INSERT INTO NATIONAL_STOCK_NUMBER (NSN, NOMENCLATURE, UNIT_OF_ISSUE, UNIT_PRICE) VALUES ('2355014818573', 'LIGHT ARMORED V M1130', 'EA', 2.371316e+06);
INSERT INTO NSN_ON_HAND (NSN, ON_HAND, LIN_ID) VALUES ('2355014818573', 2, (SELECT MAX(LIN_ID) FROM LINE_NUMBER));
INSERT INTO ITEM (SERIAL_NUMBER, NSN_ID) VALUES ('CV-0230-08/MY081D', (SELECT MAX(NSN_ID) FROM NSN_ON_HAND));
INSERT INTO ITEM (SERIAL_NUMBER, NSN_ID) VALUES ('CV-0233-08/MY081G', (SELECT MAX(NSN_ID) FROM NSN_ON_HAND));
INSERT INTO LINE_NUMBER (LIN, NOMENCLATURE, AUTH_DOC, AUTHORIZED, REQUIRED, DUE_IN, PBIC) VALUES ('C54995', 'CABLE ASSEMBLY FIBEROPTIC: CX-13295()/G', 'CTA 50-909', 2, 0, 0, (SELECT MAX(PBIC_ID) FROM PBIC));
INSERT INTO NATIONAL_STOCK_NUMBER (NSN, NOMENCLATURE, UNIT_OF_ISSUE, UNIT_PRICE) VALUES ('6020012081147', 'CAB ASSE CX-13295()/G', 'EA', 2564);
INSERT INTO NSN_ON_HAND (NSN, ON_HAND, LIN_ID) VALUES ('6020012081147', 2, (SELECT MAX(LIN_ID) FROM LINE_NUMBER));
INSERT INTO ITEM (SERIAL_NUMBER, NSN_ID) VALUES ('030808 ', (SELECT MAX(NSN_ID) FROM NSN_ON_HAND));
INSERT INTO ITEM (SERIAL_NUMBER, NSN_ID) VALUES ('0760 ', (SELECT MAX(NSN_ID) FROM NSN_ON_HAND));
INSERT INTO LINE_NUMBER (LIN, NOMENCLATURE, AUTH_DOC, AUTHORIZED, REQUIRED, DUE_IN, PBIC) VALUES ('C63645', 'CABLE ASSEMBLY SPECIAL PURPOSE ELECTRICAL: CX-112', 'CTA 50-909', 9, 0, 0, (SELECT MAX(PBIC_ID) FROM PBIC));
INSERT INTO NATIONAL_STOCK_NUMBER (NSN, NOMENCLATURE, UNIT_OF_ISSUE, UNIT_PRICE) VALUES ('5995011216623', 'CA CX-11230A/G 1/4 MI', 'EA', 3044);
INSERT INTO NSN_ON_HAND (NSN, ON_HAND, LIN_ID) VALUES ('5995011216623', 9, (SELECT MAX(LIN_ID) FROM LINE_NUMBER));
INSERT INTO LINE_NUMBER (LIN, NOMENCLATURE, AUTH_DOC, AUTHORIZED, REQUIRED, DUE_IN, PBIC) VALUES ('C68856', 'CABLE TELEPHONE: WD-1/TT RL-159/U 2 KM', 'CTA 50-909', 1, 0, 0, (SELECT MAX(PBIC_ID) FROM PBIC));
INSERT INTO NATIONAL_STOCK_NUMBER (NSN, NOMENCLATURE, UNIT_OF_ISSUE, UNIT_PRICE) VALUES ('6145011554256', 'CA TP WD-1A/TT RL-159', 'RL', 580);
INSERT INTO NSN_ON_HAND (NSN, ON_HAND, LIN_ID) VALUES ('6145011554256', 1, (SELECT MAX(LIN_ID) FROM LINE_NUMBER));
INSERT INTO LINE_NUMBER (LIN, NOMENCLATURE, AUTH_DOC, AUTHORIZED, REQUIRED, DUE_IN, PBIC) VALUES ('C89480', 'CAMOUFLAGE NET SYSTEM RADAR SCATTERING: AN/USQ-15', 'CTA 50-909', 12, 0, 0, (SELECT MAX(PBIC_ID) FROM PBIC));
INSERT INTO NATIONAL_STOCK_NUMBER (NSN, NOMENCLATURE, UNIT_OF_ISSUE, UNIT_PRICE) VALUES ('1080014572956', 'CAM SYS AN/USQ-150(V)', 'EA', 1434);
INSERT INTO NSN_ON_HAND (NSN, ON_HAND, LIN_ID) VALUES ('1080014572956', 12, (SELECT MAX(LIN_ID) FROM LINE_NUMBER));
INSERT INTO LINE_NUMBER (LIN, NOMENCLATURE, AUTH_DOC, AUTHORIZED, REQUIRED, DUE_IN, PBIC) VALUES ('D41659', 'DRIVERS ENHANCERS: AN/VAS-5', '11103RFCFC', 0, 2, 0, (SELECT MAX(PBIC_ID) FROM PBIC));
INSERT INTO NATIONAL_STOCK_NUMBER (NSN, NOMENCLATURE, UNIT_OF_ISSUE, UNIT_PRICE) VALUES ('5855015046077', 'DIES ENACRS: AN/VAS-5', 'EA', 18990);
INSERT INTO NSN_ON_HAND (NSN, ON_HAND, LIN_ID) VALUES ('5855015046077', 2, (SELECT MAX(LIN_ID) FROM LINE_NUMBER));
INSERT INTO LINE_NUMBER (LIN, NOMENCLATURE, AUTH_DOC, AUTHORIZED, REQUIRED, DUE_IN, PBIC) VALUES ('D78555', 'DATA TRANSFER DEVICE: AN/CYZ-10', 'CTA 50-909', 13, 0, 0, (SELECT MAX(PBIC_ID) FROM PBIC));
INSERT INTO NATIONAL_STOCK_NUMBER (NSN, NOMENCLATURE, UNIT_OF_ISSUE, UNIT_PRICE) VALUES ('5810013931973', 'D T D ANCYZ-10 V3', 'EA', 534.86);
INSERT INTO NSN_ON_HAND (NSN, ON_HAND, LIN_ID) VALUES ('5810013931973', 15, (SELECT MAX(LIN_ID) FROM LINE_NUMBER));
INSERT INTO ITEM (SERIAL_NUMBER, NSN_ID) VALUES ('117475 ', (SELECT MAX(NSN_ID) FROM NSN_ON_HAND));
INSERT INTO ITEM (SERIAL_NUMBER, NSN_ID) VALUES ('13552 ', (SELECT MAX(NSN_ID) FROM NSN_ON_HAND));
INSERT INTO ITEM (SERIAL_NUMBER, NSN_ID) VALUES ('19164 ', (SELECT MAX(NSN_ID) FROM NSN_ON_HAND));
INSERT INTO ITEM (SERIAL_NUMBER, NSN_ID) VALUES ('2201 ', (SELECT MAX(NSN_ID) FROM NSN_ON_HAND));
INSERT INTO ITEM (SERIAL_NUMBER, NSN_ID) VALUES ('454518 ', (SELECT MAX(NSN_ID) FROM NSN_ON_HAND));
INSERT INTO ITEM (SERIAL_NUMBER, NSN_ID) VALUES ('45552 ', (SELECT MAX(NSN_ID) FROM NSN_ON_HAND));
INSERT INTO ITEM (SERIAL_NUMBER, NSN_ID) VALUES ('456 ', (SELECT MAX(NSN_ID) FROM NSN_ON_HAND));
INSERT INTO ITEM (SERIAL_NUMBER, NSN_ID) VALUES ('479411 ', (SELECT MAX(NSN_ID) FROM NSN_ON_HAND));
INSERT INTO ITEM (SERIAL_NUMBER, NSN_ID) VALUES ('48638 ', (SELECT MAX(NSN_ID) FROM NSN_ON_HAND));
INSERT INTO ITEM (SERIAL_NUMBER, NSN_ID) VALUES ('497027 ', (SELECT MAX(NSN_ID) FROM NSN_ON_HAND));
INSERT INTO ITEM (SERIAL_NUMBER, NSN_ID) VALUES ('499061 ', (SELECT MAX(NSN_ID) FROM NSN_ON_HAND));
INSERT INTO ITEM (SERIAL_NUMBER, NSN_ID) VALUES ('6733 ', (SELECT MAX(NSN_ID) FROM NSN_ON_HAND));
INSERT INTO ITEM (SERIAL_NUMBER, NSN_ID) VALUES ('700505 ', (SELECT MAX(NSN_ID) FROM NSN_ON_HAND));
INSERT INTO ITEM (SERIAL_NUMBER, NSN_ID) VALUES ('81623 ', (SELECT MAX(NSN_ID) FROM NSN_ON_HAND));
INSERT INTO ITEM (SERIAL_NUMBER, NSN_ID) VALUES ('81750 ', (SELECT MAX(NSN_ID) FROM NSN_ON_HAND));
INSERT INTO LINE_NUMBER (LIN, NOMENCLATURE, AUTH_DOC, AUTHORIZED, REQUIRED, DUE_IN, PBIC) VALUES ('E01943', 'ELECTRONIC SHOP: TRANSPORT AN/TSM-210', 'CTA 50-909', 2, 0, 0, (SELECT MAX(PBIC_ID) FROM PBIC));
INSERT INTO NATIONAL_STOCK_NUMBER (NSN, NOMENCLATURE, UNIT_OF_ISSUE, UNIT_PRICE) VALUES ('4940014241023', 'EL SHOP TR AN/TSM-210', 'EA', 150000);
INSERT INTO NSN_ON_HAND (NSN, ON_HAND, LIN_ID) VALUES ('4940014241023', 2, (SELECT MAX(LIN_ID) FROM LINE_NUMBER));
INSERT INTO LINE_NUMBER (LIN, NOMENCLATURE, AUTH_DOC, AUTHORIZED, REQUIRED, DUE_IN, PBIC) VALUES ('E03826', 'ELECTRONIC TEST SET: TS-4348/UV', '11103RFCFC', 2, 2, 0, (SELECT MAX(PBIC_ID) FROM PBIC));
INSERT INTO NATIONAL_STOCK_NUMBER (NSN, NOMENCLATURE, UNIT_OF_ISSUE, UNIT_PRICE) VALUES ('6625013239584', 'TEST SET TS-4348/UV', 'EA', 1835.13);
INSERT INTO NSN_ON_HAND (NSN, ON_HAND, LIN_ID) VALUES ('6625013239584', 2, (SELECT MAX(LIN_ID) FROM LINE_NUMBER));
INSERT INTO ITEM (SERIAL_NUMBER, NSN_ID) VALUES ('9270C/. ', (SELECT MAX(NSN_ID) FROM NSN_ON_HAND));
INSERT INTO ITEM (SERIAL_NUMBER, NSN_ID) VALUES ('9353C/. ', (SELECT MAX(NSN_ID) FROM NSN_ON_HAND));
INSERT INTO LINE_NUMBER (LIN, NOMENCLATURE, AUTH_DOC, AUTHORIZED, REQUIRED, DUE_IN, PBIC) VALUES ('E05004', 'ENCRYPTION-DECRYPTION EQUIPMEN: KG-175D', '11103RFCFC', 12, 0, 0, (SELECT MAX(PBIC_ID) FROM PBIC));
INSERT INTO LINE_NUMBER (LIN, NOMENCLATURE, AUTH_DOC, AUTHORIZED, REQUIRED, DUE_IN, PBIC) VALUES ('E05008', 'ENCRYPTION-DECRYPTION EQUIP: KGV-72', '11103RFCFC', 7, 0, 0, (SELECT MAX(PBIC_ID) FROM PBIC));
INSERT INTO LINE_NUMBER (LIN, NOMENCLATURE, AUTH_DOC, AUTHORIZED, REQUIRED, DUE_IN, PBIC) VALUES ('E08940', 'ENCRYPTION-DECRYPTION EQUIPMENT: TACLANE KG 175', 'CTA 50-900', 3, 0, 0, (SELECT MAX(PBIC_ID) FROM PBIC));
INSERT INTO NATIONAL_STOCK_NUMBER (NSN, NOMENCLATURE, UNIT_OF_ISSUE, UNIT_PRICE) VALUES ('5810014630133', 'TACLANE KG-175AC', 'EA', 7950);
INSERT INTO NSN_ON_HAND (NSN, ON_HAND, LIN_ID) VALUES ('5810014630133', 3, (SELECT MAX(LIN_ID) FROM LINE_NUMBER));
INSERT INTO ITEM (SERIAL_NUMBER, NSN_ID) VALUES ('10064 ', (SELECT MAX(NSN_ID) FROM NSN_ON_HAND));
INSERT INTO ITEM (SERIAL_NUMBER, NSN_ID) VALUES ('1216 ', (SELECT MAX(NSN_ID) FROM NSN_ON_HAND));
INSERT INTO ITEM (SERIAL_NUMBER, NSN_ID) VALUES ('9997 ', (SELECT MAX(NSN_ID) FROM NSN_ON_HAND));
INSERT INTO LINE_NUMBER (LIN, NOMENCLATURE, AUTH_DOC, AUTHORIZED, REQUIRED, DUE_IN, PBIC) VALUES ('E63317', 'COMPASS MAGNETIC UNMOUNTED: LENSATIC 1.58 IN DIA ', 'CTA 50-900', 10, 0, 0, (SELECT MAX(PBIC_ID) FROM PBIC));
INSERT INTO NATIONAL_STOCK_NUMBER (NSN, NOMENCLATURE, UNIT_OF_ISSUE, UNIT_PRICE) VALUES ('6605011966971', 'COMPAS MAGNETIC UNMTD', 'EA', 64.24);
INSERT INTO NSN_ON_HAND (NSN, ON_HAND, LIN_ID) VALUES ('6605011966971', 10, (SELECT MAX(LIN_ID) FROM LINE_NUMBER));
INSERT INTO LINE_NUMBER (LIN, NOMENCLATURE, AUTH_DOC, AUTHORIZED, REQUIRED, DUE_IN, PBIC) VALUES ('F51430', 'FAN CIRCULATING: HEAT', 'CTA 50-909', 8, 0, 0, (SELECT MAX(PBIC_ID) FROM PBIC));
INSERT INTO NATIONAL_STOCK_NUMBER (NSN, NOMENCLATURE, UNIT_OF_ISSUE, UNIT_PRICE) VALUES ('4520014572790', 'FAN CIRCULATING HEAT', 'EA', 850.55);
INSERT INTO NSN_ON_HAND (NSN, ON_HAND, LIN_ID) VALUES ('4520014572790', 8, (SELECT MAX(LIN_ID) FROM LINE_NUMBER));
INSERT INTO LINE_NUMBER (LIN, NOMENCLATURE, AUTH_DOC, AUTHORIZED, REQUIRED, DUE_IN, PBIC) VALUES ('F99520', 'FREQ HOPING MLTIPLEX: TD-1456VRC', '11103RFCFC', 3, 0, 0, (SELECT MAX(PBIC_ID) FROM PBIC));
INSERT INTO LINE_NUMBER (LIN, NOMENCLATURE, AUTH_DOC, AUTHORIZED, REQUIRED, DUE_IN, PBIC) VALUES ('FA102S', 'TRUNK ENCRYPTION DEVICE,  KIV-19A', 'AR 840-10', 10, 0, 0, (SELECT MAX(PBIC_ID) FROM PBIC));
INSERT INTO NATIONAL_STOCK_NUMBER (NSN, NOMENCLATURE, UNIT_OF_ISSUE, UNIT_PRICE) VALUES ('5810014925165', 'ENCRYPTION-DECRYPTI', 'EA', 4425);
INSERT INTO NSN_ON_HAND (NSN, ON_HAND, LIN_ID) VALUES ('5810014925165', 9, (SELECT MAX(LIN_ID) FROM LINE_NUMBER));
INSERT INTO ITEM (SERIAL_NUMBER, NSN_ID) VALUES ('000038 ', (SELECT MAX(NSN_ID) FROM NSN_ON_HAND));
INSERT INTO ITEM (SERIAL_NUMBER, NSN_ID) VALUES ('001792 ', (SELECT MAX(NSN_ID) FROM NSN_ON_HAND));
INSERT INTO ITEM (SERIAL_NUMBER, NSN_ID) VALUES ('002023 ', (SELECT MAX(NSN_ID) FROM NSN_ON_HAND));
INSERT INTO ITEM (SERIAL_NUMBER, NSN_ID) VALUES ('004038 ', (SELECT MAX(NSN_ID) FROM NSN_ON_HAND));
INSERT INTO ITEM (SERIAL_NUMBER, NSN_ID) VALUES ('009250 ', (SELECT MAX(NSN_ID) FROM NSN_ON_HAND));
INSERT INTO ITEM (SERIAL_NUMBER, NSN_ID) VALUES ('014203 ', (SELECT MAX(NSN_ID) FROM NSN_ON_HAND));
INSERT INTO ITEM (SERIAL_NUMBER, NSN_ID) VALUES ('014213 ', (SELECT MAX(NSN_ID) FROM NSN_ON_HAND));
INSERT INTO ITEM (SERIAL_NUMBER, NSN_ID) VALUES ('018015 ', (SELECT MAX(NSN_ID) FROM NSN_ON_HAND));
INSERT INTO ITEM (SERIAL_NUMBER, NSN_ID) VALUES ('A007146 ', (SELECT MAX(NSN_ID) FROM NSN_ON_HAND));
INSERT INTO LINE_NUMBER (LIN, NOMENCLATURE, AUTH_DOC, AUTHORIZED, REQUIRED, DUE_IN, PBIC) VALUES ('FA1036', 'TRUNK ENCRYPTION DEVICE KIV-19', 'AR 840-10', 1, 0, 0, (SELECT MAX(PBIC_ID) FROM PBIC));
INSERT INTO NATIONAL_STOCK_NUMBER (NSN, NOMENCLATURE, UNIT_OF_ISSUE, UNIT_PRICE) VALUES ('5810014497179', 'ENCRYPTION-DECRYPTI', 'EA', 3692);
INSERT INTO NSN_ON_HAND (NSN, ON_HAND, LIN_ID) VALUES ('5810014497179', 2, (SELECT MAX(LIN_ID) FROM LINE_NUMBER));
INSERT INTO ITEM (SERIAL_NUMBER, NSN_ID) VALUES ('004295 ', (SELECT MAX(NSN_ID) FROM NSN_ON_HAND));
INSERT INTO ITEM (SERIAL_NUMBER, NSN_ID) VALUES ('007640 ', (SELECT MAX(NSN_ID) FROM NSN_ON_HAND));
INSERT INTO LINE_NUMBER (LIN, NOMENCLATURE, AUTH_DOC, AUTHORIZED, REQUIRED, DUE_IN, PBIC) VALUES ('FA1053', 'KEYLOADER CHARGER', 'AR 840-10', 1, 0, 0, (SELECT MAX(PBIC_ID) FROM PBIC));
INSERT INTO NATIONAL_STOCK_NUMBER (NSN, NOMENCLATURE, UNIT_OF_ISSUE, UNIT_PRICE) VALUES ('5810015009195', 'ENCRYPTION-DECRYPTION EQUIPMENT', 'EA', 2884.25);
INSERT INTO NSN_ON_HAND (NSN, ON_HAND, LIN_ID) VALUES ('5810015009195', 1, (SELECT MAX(LIN_ID) FROM LINE_NUMBER));
INSERT INTO ITEM (SERIAL_NUMBER, NSN_ID) VALUES ('201CJT3381 ', (SELECT MAX(NSN_ID) FROM NSN_ON_HAND));
INSERT INTO LINE_NUMBER (LIN, NOMENCLATURE, AUTH_DOC, AUTHORIZED, REQUIRED, DUE_IN, PBIC) VALUES ('FA2033', 'PROCESSOR GROUP', 'CTA 50-909', 1, 0, 0, (SELECT MAX(PBIC_ID) FROM PBIC));
INSERT INTO NATIONAL_STOCK_NUMBER (NSN, NOMENCLATURE, UNIT_OF_ISSUE, UNIT_PRICE) VALUES ('5820014874023', 'PROCESSOR GROUP,SIGNA', 'EA', 900);
INSERT INTO NSN_ON_HAND (NSN, ON_HAND, LIN_ID) VALUES ('5820014874023', 1, (SELECT MAX(LIN_ID) FROM LINE_NUMBER));
INSERT INTO ITEM (SERIAL_NUMBER, NSN_ID) VALUES ('06889 ', (SELECT MAX(NSN_ID) FROM NSN_ON_HAND));
INSERT INTO LINE_NUMBER (LIN, NOMENCLATURE, AUTH_DOC, AUTHORIZED, REQUIRED, DUE_IN, PBIC) VALUES ('FA2120', 'RECEIVER TRANSMITTER RADIO', 'CTA 50-909', 1, 0, 0, (SELECT MAX(PBIC_ID) FROM PBIC));
INSERT INTO NATIONAL_STOCK_NUMBER (NSN, NOMENCLATURE, UNIT_OF_ISSUE, UNIT_PRICE) VALUES ('582101C099206', 'RECEIVER TRANSMITTER RADIO: PR100 RHODES', 'EA', 23880);
INSERT INTO NSN_ON_HAND (NSN, ON_HAND, LIN_ID) VALUES ('582101C099206', 1, (SELECT MAX(LIN_ID) FROM LINE_NUMBER));
INSERT INTO ITEM (SERIAL_NUMBER, NSN_ID) VALUES ('103019 ', (SELECT MAX(NSN_ID) FROM NSN_ON_HAND));
INSERT INTO LINE_NUMBER (LIN, NOMENCLATURE, AUTH_DOC, AUTHORIZED, REQUIRED, DUE_IN, PBIC) VALUES ('FA555Q', 'ACOG AN/PVQ-31A', 'CTA 50-900', 18, 0, 0, (SELECT MAX(PBIC_ID) FROM PBIC));
INSERT INTO NATIONAL_STOCK_NUMBER (NSN, NOMENCLATURE, UNIT_OF_ISSUE, UNIT_PRICE) VALUES ('1240015341114', 'SIGHT,BORE,OPTICAL', 'EA', 969);
INSERT INTO NSN_ON_HAND (NSN, ON_HAND, LIN_ID) VALUES ('1240015341114', 18, (SELECT MAX(LIN_ID) FROM LINE_NUMBER));
INSERT INTO ITEM (SERIAL_NUMBER, NSN_ID) VALUES ('582282 ', (SELECT MAX(NSN_ID) FROM NSN_ON_HAND));
INSERT INTO ITEM (SERIAL_NUMBER, NSN_ID) VALUES ('582454 ', (SELECT MAX(NSN_ID) FROM NSN_ON_HAND));
INSERT INTO ITEM (SERIAL_NUMBER, NSN_ID) VALUES ('637136 ', (SELECT MAX(NSN_ID) FROM NSN_ON_HAND));
INSERT INTO ITEM (SERIAL_NUMBER, NSN_ID) VALUES ('637140 ', (SELECT MAX(NSN_ID) FROM NSN_ON_HAND));
INSERT INTO ITEM (SERIAL_NUMBER, NSN_ID) VALUES ('637163 ', (SELECT MAX(NSN_ID) FROM NSN_ON_HAND));
INSERT INTO ITEM (SERIAL_NUMBER, NSN_ID) VALUES ('637173 ', (SELECT MAX(NSN_ID) FROM NSN_ON_HAND));
INSERT INTO ITEM (SERIAL_NUMBER, NSN_ID) VALUES ('637180 ', (SELECT MAX(NSN_ID) FROM NSN_ON_HAND));
INSERT INTO ITEM (SERIAL_NUMBER, NSN_ID) VALUES ('637210 ', (SELECT MAX(NSN_ID) FROM NSN_ON_HAND));
INSERT INTO ITEM (SERIAL_NUMBER, NSN_ID) VALUES ('637211 ', (SELECT MAX(NSN_ID) FROM NSN_ON_HAND));
INSERT INTO ITEM (SERIAL_NUMBER, NSN_ID) VALUES ('637216 ', (SELECT MAX(NSN_ID) FROM NSN_ON_HAND));
INSERT INTO ITEM (SERIAL_NUMBER, NSN_ID) VALUES ('637219 ', (SELECT MAX(NSN_ID) FROM NSN_ON_HAND));
INSERT INTO ITEM (SERIAL_NUMBER, NSN_ID) VALUES ('637220 ', (SELECT MAX(NSN_ID) FROM NSN_ON_HAND));
INSERT INTO ITEM (SERIAL_NUMBER, NSN_ID) VALUES ('637224 ', (SELECT MAX(NSN_ID) FROM NSN_ON_HAND));
INSERT INTO ITEM (SERIAL_NUMBER, NSN_ID) VALUES ('637225 ', (SELECT MAX(NSN_ID) FROM NSN_ON_HAND));
INSERT INTO ITEM (SERIAL_NUMBER, NSN_ID) VALUES ('637230 ', (SELECT MAX(NSN_ID) FROM NSN_ON_HAND));
INSERT INTO ITEM (SERIAL_NUMBER, NSN_ID) VALUES ('637475 ', (SELECT MAX(NSN_ID) FROM NSN_ON_HAND));
INSERT INTO ITEM (SERIAL_NUMBER, NSN_ID) VALUES ('637476 ', (SELECT MAX(NSN_ID) FROM NSN_ON_HAND));
INSERT INTO ITEM (SERIAL_NUMBER, NSN_ID) VALUES ('637482 ', (SELECT MAX(NSN_ID) FROM NSN_ON_HAND));
INSERT INTO LINE_NUMBER (LIN, NOMENCLATURE, AUTH_DOC, AUTHORIZED, REQUIRED, DUE_IN, PBIC) VALUES ('FA9509', 'CASES, COMMUNICATION EQUIPMENT', 'CTA 50-909', 4, 0, 0, (SELECT MAX(PBIC_ID) FROM PBIC));
INSERT INTO NATIONAL_STOCK_NUMBER (NSN, NOMENCLATURE, UNIT_OF_ISSUE, UNIT_PRICE) VALUES ('589501G000918', 'CASES, COMMUNICATION EQUIPMENT: LOS INTE', 'EA', 28684);
INSERT INTO NSN_ON_HAND (NSN, ON_HAND, LIN_ID) VALUES ('589501G000918', 4, (SELECT MAX(LIN_ID) FROM LINE_NUMBER));
INSERT INTO ITEM (SERIAL_NUMBER, NSN_ID) VALUES ('8673 ', (SELECT MAX(NSN_ID) FROM NSN_ON_HAND));
INSERT INTO ITEM (SERIAL_NUMBER, NSN_ID) VALUES ('8817 ', (SELECT MAX(NSN_ID) FROM NSN_ON_HAND));
INSERT INTO ITEM (SERIAL_NUMBER, NSN_ID) VALUES ('9507 ', (SELECT MAX(NSN_ID) FROM NSN_ON_HAND));
INSERT INTO ITEM (SERIAL_NUMBER, NSN_ID) VALUES ('9522 ', (SELECT MAX(NSN_ID) FROM NSN_ON_HAND));
INSERT INTO LINE_NUMBER (LIN, NOMENCLATURE, AUTH_DOC, AUTHORIZED, REQUIRED, DUE_IN, PBIC) VALUES ('FA9513', 'RADIO TERMINAL SET', 'CTA 50-900', 0, 0, 0, (SELECT MAX(PBIC_ID) FROM PBIC));
INSERT INTO NATIONAL_STOCK_NUMBER (NSN, NOMENCLATURE, UNIT_OF_ISSUE, UNIT_PRICE) VALUES ('5895014628405', 'RADIO TERMINAL SET', 'EA', 37678);
INSERT INTO NSN_ON_HAND (NSN, ON_HAND, LIN_ID) VALUES ('5895014628405', 3, (SELECT MAX(LIN_ID) FROM LINE_NUMBER));
INSERT INTO ITEM (SERIAL_NUMBER, NSN_ID) VALUES ('008 ', (SELECT MAX(NSN_ID) FROM NSN_ON_HAND));
INSERT INTO ITEM (SERIAL_NUMBER, NSN_ID) VALUES ('017 ', (SELECT MAX(NSN_ID) FROM NSN_ON_HAND));
INSERT INTO ITEM (SERIAL_NUMBER, NSN_ID) VALUES ('021 ', (SELECT MAX(NSN_ID) FROM NSN_ON_HAND));
INSERT INTO LINE_NUMBER (LIN, NOMENCLATURE, AUTH_DOC, AUTHORIZED, REQUIRED, DUE_IN, PBIC) VALUES ('FB9858', 'CIRCUIT CARD ASSEMBLY', 'AR 840-10', 3, 0, 0, (SELECT MAX(PBIC_ID) FROM PBIC));
INSERT INTO NATIONAL_STOCK_NUMBER (NSN, NOMENCLATURE, UNIT_OF_ISSUE, UNIT_PRICE) VALUES ('5998015342251', 'CIRCUIT CARD ASSEMB', 'EA', 20904);
INSERT INTO NSN_ON_HAND (NSN, ON_HAND, LIN_ID) VALUES ('5998015342251', 3, (SELECT MAX(LIN_ID) FROM LINE_NUMBER));
INSERT INTO ITEM (SERIAL_NUMBER, NSN_ID) VALUES ('8021 ', (SELECT MAX(NSN_ID) FROM NSN_ON_HAND));
INSERT INTO ITEM (SERIAL_NUMBER, NSN_ID) VALUES ('8091 ', (SELECT MAX(NSN_ID) FROM NSN_ON_HAND));
INSERT INTO ITEM (SERIAL_NUMBER, NSN_ID) VALUES ('9141 ', (SELECT MAX(NSN_ID) FROM NSN_ON_HAND));
INSERT INTO LINE_NUMBER (LIN, NOMENCLATURE, AUTH_DOC, AUTHORIZED, REQUIRED, DUE_IN, PBIC) VALUES ('FG2548', 'TEST SET CABLE', 'CTA 50-909', 2, 0, 0, (SELECT MAX(PBIC_ID) FROM PBIC));
INSERT INTO NATIONAL_STOCK_NUMBER (NSN, NOMENCLATURE, UNIT_OF_ISSUE, UNIT_PRICE) VALUES ('6625013046220', 'TST ST EL CB AN/GTM12', 'EA', 3071);
INSERT INTO NSN_ON_HAND (NSN, ON_HAND, LIN_ID) VALUES ('6625013046220', 2, (SELECT MAX(LIN_ID) FROM LINE_NUMBER));
INSERT INTO LINE_NUMBER (LIN, NOMENCLATURE, AUTH_DOC, AUTHORIZED, REQUIRED, DUE_IN, PBIC) VALUES ('FG654E', 'DETECTOR,CHEMICAL AGENT', 'CTA 50-909', 2, 0, 0, (SELECT MAX(PBIC_ID) FROM PBIC));
INSERT INTO NATIONAL_STOCK_NUMBER (NSN, NOMENCLATURE, UNIT_OF_ISSUE, UNIT_PRICE) VALUES ('6665014383673', 'DETECTOR,CHEMICAL A', 'EA', 12820);
INSERT INTO NSN_ON_HAND (NSN, ON_HAND, LIN_ID) VALUES ('6665014383673', 2, (SELECT MAX(LIN_ID) FROM LINE_NUMBER));
INSERT INTO ITEM (SERIAL_NUMBER, NSN_ID) VALUES ('Y14-D-39353 ', (SELECT MAX(NSN_ID) FROM NSN_ON_HAND));
INSERT INTO ITEM (SERIAL_NUMBER, NSN_ID) VALUES ('Y14-D-39545 ', (SELECT MAX(NSN_ID) FROM NSN_ON_HAND));
INSERT INTO LINE_NUMBER (LIN, NOMENCLATURE, AUTH_DOC, AUTHORIZED, REQUIRED, DUE_IN, PBIC) VALUES ('FJ1066', 'COMPUTER SET,DIGITAL, CF-29 CREATE DEVICE', 'TM/LTR/MSG/Spec Auth', 3, 0, 0, (SELECT MAX(PBIC_ID) FROM PBIC));
INSERT INTO NATIONAL_STOCK_NUMBER (NSN, NOMENCLATURE, UNIT_OF_ISSUE, UNIT_PRICE) VALUES ('7021015002271', 'COMPUTER,DIGITAL', 'EA', 7043.48);
INSERT INTO NSN_ON_HAND (NSN, ON_HAND, LIN_ID) VALUES ('7021015002271', 1, (SELECT MAX(LIN_ID) FROM LINE_NUMBER));
INSERT INTO ITEM (SERIAL_NUMBER, NSN_ID) VALUES ('6DKSA23865 ', (SELECT MAX(NSN_ID) FROM NSN_ON_HAND));
INSERT INTO LINE_NUMBER (LIN, NOMENCLATURE, AUTH_DOC, AUTHORIZED, REQUIRED, DUE_IN, PBIC) VALUES ('FJ2204', 'COMPUTER GROUP,TACTICAL', 'AR 840-10', 2, 0, 0, (SELECT MAX(PBIC_ID) FROM PBIC));
INSERT INTO NATIONAL_STOCK_NUMBER (NSN, NOMENCLATURE, UNIT_OF_ISSUE, UNIT_PRICE) VALUES ('7022015629707', 'COMPUTER GROUP,TACT', 'EA', 258000);
INSERT INTO NSN_ON_HAND (NSN, ON_HAND, LIN_ID) VALUES ('7022015629707', 1, (SELECT MAX(LIN_ID) FROM LINE_NUMBER));
INSERT INTO LINE_NUMBER (LIN, NOMENCLATURE, AUTH_DOC, AUTHORIZED, REQUIRED, DUE_IN, PBIC) VALUES ('G18358', 'GEN SET: DED SKID MTD 3KW 60HZ', '11103RFCFC', 5, 6, 0, (SELECT MAX(PBIC_ID) FROM PBIC));
INSERT INTO NATIONAL_STOCK_NUMBER (NSN, NOMENCLATURE, UNIT_OF_ISSUE, UNIT_PRICE) VALUES ('6115012853012', 'GEN SET DED MEP 831', 'EA', 9922.25);
INSERT INTO NSN_ON_HAND (NSN, ON_HAND, LIN_ID) VALUES ('6115012853012', 6, (SELECT MAX(LIN_ID) FROM LINE_NUMBER));
INSERT INTO ITEM (SERIAL_NUMBER, NSN_ID) VALUES ('FZA07514 ', (SELECT MAX(NSN_ID) FROM NSN_ON_HAND));
INSERT INTO ITEM (SERIAL_NUMBER, NSN_ID) VALUES ('FZA16028 ', (SELECT MAX(NSN_ID) FROM NSN_ON_HAND));
INSERT INTO ITEM (SERIAL_NUMBER, NSN_ID) VALUES ('FZA16093 ', (SELECT MAX(NSN_ID) FROM NSN_ON_HAND));
INSERT INTO ITEM (SERIAL_NUMBER, NSN_ID) VALUES ('FZA16167 ', (SELECT MAX(NSN_ID) FROM NSN_ON_HAND));
INSERT INTO ITEM (SERIAL_NUMBER, NSN_ID) VALUES ('FZA16168 ', (SELECT MAX(NSN_ID) FROM NSN_ON_HAND));
INSERT INTO ITEM (SERIAL_NUMBER, NSN_ID) VALUES ('FZA22260 ', (SELECT MAX(NSN_ID) FROM NSN_ON_HAND));
INSERT INTO LINE_NUMBER (LIN, NOMENCLATURE, AUTH_DOC, AUTHORIZED, REQUIRED, DUE_IN, PBIC) VALUES ('G26890', 'DISTRIBUTION BOX: J-1077/U', '11103RFCFC', 0, 6, 0, (SELECT MAX(PBIC_ID) FROM PBIC));
INSERT INTO NATIONAL_STOCK_NUMBER (NSN, NOMENCLATURE, UNIT_OF_ISSUE, UNIT_PRICE) VALUES ('6110009857574', 'DISTR BOX J-1077A/U', 'EA', 2174);
INSERT INTO NSN_ON_HAND (NSN, ON_HAND, LIN_ID) VALUES ('6110009857574', 1, (SELECT MAX(LIN_ID) FROM LINE_NUMBER));
INSERT INTO LINE_NUMBER (LIN, NOMENCLATURE, AUTH_DOC, AUTHORIZED, REQUIRED, DUE_IN, PBIC) VALUES ('G35851', 'GENERATOR SET DIESEL ENGINE TM: PU-803', '11103RFCFC', 3, 0, 0, (SELECT MAX(PBIC_ID) FROM PBIC));
INSERT INTO LINE_NUMBER (LIN, NOMENCLATURE, AUTH_DOC, AUTHORIZED, REQUIRED, DUE_IN, PBIC) VALUES ('G36237', 'GENERATOR SET DIESEL: 60HZ AC MEP-531A', '11103RFCFC', 0, 2, 0, (SELECT MAX(PBIC_ID) FROM PBIC));
INSERT INTO NATIONAL_STOCK_NUMBER (NSN, NOMENCLATURE, UNIT_OF_ISSUE, UNIT_PRICE) VALUES ('6115014351565', 'GEN SET DIESEL EN DEW', 'EA', 5262);
INSERT INTO NSN_ON_HAND (NSN, ON_HAND, LIN_ID) VALUES ('6115014351565', 2, (SELECT MAX(LIN_ID) FROM LINE_NUMBER));
INSERT INTO ITEM (SERIAL_NUMBER, NSN_ID) VALUES ('05887 ', (SELECT MAX(NSN_ID) FROM NSN_ON_HAND));
INSERT INTO ITEM (SERIAL_NUMBER, NSN_ID) VALUES ('AEX03517 ', (SELECT MAX(NSN_ID) FROM NSN_ON_HAND));
INSERT INTO LINE_NUMBER (LIN, NOMENCLATURE, AUTH_DOC, AUTHORIZED, REQUIRED, DUE_IN, PBIC) VALUES ('G42170', 'GEN SET DED TM: 10KW 60HZ MTD ONM116A2 PU-798', '11103RFCFC', 0, 3, 0, (SELECT MAX(PBIC_ID) FROM PBIC));
INSERT INTO NATIONAL_STOCK_NUMBER (NSN, NOMENCLATURE, UNIT_OF_ISSUE, UNIT_PRICE) VALUES ('6115013199032', 'GEN SET M116A2 PU-798', 'EA', 17730);
INSERT INTO NSN_ON_HAND (NSN, ON_HAND, LIN_ID) VALUES ('6115013199032', 3, (SELECT MAX(LIN_ID) FROM LINE_NUMBER));
INSERT INTO ITEM (SERIAL_NUMBER, NSN_ID) VALUES ('LEADFZ28132/NEED-REG', (SELECT MAX(NSN_ID) FROM NSN_ON_HAND));
INSERT INTO ITEM (SERIAL_NUMBER, NSN_ID) VALUES ('T-00-131-123/VC0TG5', (SELECT MAX(NSN_ID) FROM NSN_ON_HAND));
INSERT INTO ITEM (SERIAL_NUMBER, NSN_ID) VALUES ('T97132535/NEED-REG1', (SELECT MAX(NSN_ID) FROM NSN_ON_HAND));
INSERT INTO LINE_NUMBER (LIN, NOMENCLATURE, AUTH_DOC, AUTHORIZED, REQUIRED, DUE_IN, PBIC) VALUES ('G42238', 'GEN SET DED TM: 5KW 60HZ MTD ON M116A2 PU-797', '11103RFCFC', 0, 6, 6, (SELECT MAX(PBIC_ID) FROM PBIC));
INSERT INTO NATIONAL_STOCK_NUMBER (NSN, NOMENCLATURE, UNIT_OF_ISSUE, UNIT_PRICE) VALUES ('6115014133820', 'GEN SET HMT PU-797A', 'EA', 23738);
INSERT INTO NSN_ON_HAND (NSN, ON_HAND, LIN_ID) VALUES ('6115014133820', 0, (SELECT MAX(LIN_ID) FROM LINE_NUMBER));
INSERT INTO NATIONAL_STOCK_NUMBER (NSN, NOMENCLATURE, UNIT_OF_ISSUE, UNIT_PRICE) VALUES ('6115015873875', 'GENERATOR SET DIE', 'EA', 23738);
INSERT INTO NSN_ON_HAND (NSN, ON_HAND, LIN_ID) VALUES ('6115015873875', 6, (SELECT MAX(LIN_ID) FROM LINE_NUMBER));
INSERT INTO ITEM (SERIAL_NUMBER, NSN_ID) VALUES ('FZ01835/T-00-083-030', (SELECT MAX(NSN_ID) FROM NSN_ON_HAND));
INSERT INTO ITEM (SERIAL_NUMBER, NSN_ID) VALUES ('FZ02098/T-00-124-039', (SELECT MAX(NSN_ID) FROM NSN_ON_HAND));
INSERT INTO ITEM (SERIAL_NUMBER, NSN_ID) VALUES ('FZ05837/LEADFZ05837', (SELECT MAX(NSN_ID) FROM NSN_ON_HAND));
INSERT INTO ITEM (SERIAL_NUMBER, NSN_ID) VALUES ('FZ07252/T-07-295-080', (SELECT MAX(NSN_ID) FROM NSN_ON_HAND));
INSERT INTO ITEM (SERIAL_NUMBER, NSN_ID) VALUES ('RZB00105/LEADRZB00105', (SELECT MAX(NSN_ID) FROM NSN_ON_HAND));
INSERT INTO ITEM (SERIAL_NUMBER, NSN_ID) VALUES ('RZB04090/T-93-298-118', (SELECT MAX(NSN_ID) FROM NSN_ON_HAND));
INSERT INTO LINE_NUMBER (LIN, NOMENCLATURE, AUTH_DOC, AUTHORIZED, REQUIRED, DUE_IN, PBIC) VALUES ('GA4004', 'RANGE FINDER, LASER', 'CTA 50-909', 5, 0, 0, (SELECT MAX(PBIC_ID) FROM PBIC));
INSERT INTO NATIONAL_STOCK_NUMBER (NSN, NOMENCLATURE, UNIT_OF_ISSUE, UNIT_PRICE) VALUES ('1240015629459', 'RANGE FINDER,LASER', 'EA', 400);
INSERT INTO NSN_ON_HAND (NSN, ON_HAND, LIN_ID) VALUES ('1240015629459', 2, (SELECT MAX(LIN_ID) FROM LINE_NUMBER));
INSERT INTO ITEM (SERIAL_NUMBER, NSN_ID) VALUES ('045991 ', (SELECT MAX(NSN_ID) FROM NSN_ON_HAND));
INSERT INTO ITEM (SERIAL_NUMBER, NSN_ID) VALUES ('046003 ', (SELECT MAX(NSN_ID) FROM NSN_ON_HAND));
INSERT INTO NATIONAL_STOCK_NUMBER (NSN, NOMENCLATURE, UNIT_OF_ISSUE, UNIT_PRICE) VALUES ('124001C069094', 'RANGE FINDER, LASER: LRM1500SPD (MONOCUL', 'EA', 349);
INSERT INTO NSN_ON_HAND (NSN, ON_HAND, LIN_ID) VALUES ('124001C069094', 3, (SELECT MAX(LIN_ID) FROM LINE_NUMBER));
INSERT INTO ITEM (SERIAL_NUMBER, NSN_ID) VALUES ('0540513 ', (SELECT MAX(NSN_ID) FROM NSN_ON_HAND));
INSERT INTO ITEM (SERIAL_NUMBER, NSN_ID) VALUES ('0540901 ', (SELECT MAX(NSN_ID) FROM NSN_ON_HAND));
INSERT INTO ITEM (SERIAL_NUMBER, NSN_ID) VALUES ('0541127 ', (SELECT MAX(NSN_ID) FROM NSN_ON_HAND));
INSERT INTO LINE_NUMBER (LIN, NOMENCLATURE, AUTH_DOC, AUTHORIZED, REQUIRED, DUE_IN, PBIC) VALUES ('J03261', 'ILLUMINATOR: INFRARED', 'CTA 50-909', 9, 0, 0, (SELECT MAX(PBIC_ID) FROM PBIC));
INSERT INTO NATIONAL_STOCK_NUMBER (NSN, NOMENCLATURE, UNIT_OF_ISSUE, UNIT_PRICE) VALUES ('5855015777174', 'ILLUMINATOR INFRARE', 'EA', 789);
INSERT INTO NSN_ON_HAND (NSN, ON_HAND, LIN_ID) VALUES ('5855015777174', 9, (SELECT MAX(LIN_ID) FROM LINE_NUMBER));
INSERT INTO ITEM (SERIAL_NUMBER, NSN_ID) VALUES ('447670 ', (SELECT MAX(NSN_ID) FROM NSN_ON_HAND));
INSERT INTO ITEM (SERIAL_NUMBER, NSN_ID) VALUES ('447674 ', (SELECT MAX(NSN_ID) FROM NSN_ON_HAND));
INSERT INTO ITEM (SERIAL_NUMBER, NSN_ID) VALUES ('447752 ', (SELECT MAX(NSN_ID) FROM NSN_ON_HAND));
INSERT INTO ITEM (SERIAL_NUMBER, NSN_ID) VALUES ('447753 ', (SELECT MAX(NSN_ID) FROM NSN_ON_HAND));
INSERT INTO ITEM (SERIAL_NUMBER, NSN_ID) VALUES ('4477817 ', (SELECT MAX(NSN_ID) FROM NSN_ON_HAND));
INSERT INTO ITEM (SERIAL_NUMBER, NSN_ID) VALUES ('447782 ', (SELECT MAX(NSN_ID) FROM NSN_ON_HAND));
INSERT INTO ITEM (SERIAL_NUMBER, NSN_ID) VALUES ('447783 ', (SELECT MAX(NSN_ID) FROM NSN_ON_HAND));
INSERT INTO ITEM (SERIAL_NUMBER, NSN_ID) VALUES ('447790 ', (SELECT MAX(NSN_ID) FROM NSN_ON_HAND));
INSERT INTO ITEM (SERIAL_NUMBER, NSN_ID) VALUES ('447819 ', (SELECT MAX(NSN_ID) FROM NSN_ON_HAND));
INSERT INTO LINE_NUMBER (LIN, NOMENCLATURE, AUTH_DOC, AUTHORIZED, REQUIRED, DUE_IN, PBIC) VALUES ('J05001', 'JOINT NODE NETWORK (JNN) CENTRAL OFC TELEPHONE AU', '11103RFCFC', 0, 2, 0, (SELECT MAX(PBIC_ID) FROM PBIC));
INSERT INTO NATIONAL_STOCK_NUMBER (NSN, NOMENCLATURE, UNIT_OF_ISSUE, UNIT_PRICE) VALUES ('5805015786389', 'CENTRAL OFFICE,TELE', 'EA', 625000);
INSERT INTO NSN_ON_HAND (NSN, ON_HAND, LIN_ID) VALUES ('5805015786389', 2, (SELECT MAX(LIN_ID) FROM LINE_NUMBER));
INSERT INTO ITEM (SERIAL_NUMBER, NSN_ID) VALUES ('207 ', (SELECT MAX(NSN_ID) FROM NSN_ON_HAND));
INSERT INTO ITEM (SERIAL_NUMBER, NSN_ID) VALUES ('208 ', (SELECT MAX(NSN_ID) FROM NSN_ON_HAND));
INSERT INTO LINE_NUMBER (LIN, NOMENCLATURE, AUTH_DOC, AUTHORIZED, REQUIRED, DUE_IN, PBIC) VALUES ('J35835', 'GEN ST DSL ENG: 15KW 60HZ 3PH AC 120/208 240/416V', '11103RFCFC', 3, 0, 0, (SELECT MAX(PBIC_ID) FROM PBIC));
INSERT INTO LINE_NUMBER (LIN, NOMENCLATURE, AUTH_DOC, AUTHORIZED, REQUIRED, DUE_IN, PBIC) VALUES ('J68653', 'ILLUMINATOR INTEGRATED: SMALL ARMS STORM MLRF', 'CTA 50-909', 2, 0, 0, (SELECT MAX(PBIC_ID) FROM PBIC));
INSERT INTO NATIONAL_STOCK_NUMBER (NSN, NOMENCLATURE, UNIT_OF_ISSUE, UNIT_PRICE) VALUES ('5855015351905', 'ILL INT SMAL ARM MLRF', 'EA', 15971);
INSERT INTO NSN_ON_HAND (NSN, ON_HAND, LIN_ID) VALUES ('5855015351905', 2, (SELECT MAX(LIN_ID) FROM LINE_NUMBER));
INSERT INTO ITEM (SERIAL_NUMBER, NSN_ID) VALUES ('03090 ', (SELECT MAX(NSN_ID) FROM NSN_ON_HAND));
INSERT INTO ITEM (SERIAL_NUMBER, NSN_ID) VALUES ('03183 ', (SELECT MAX(NSN_ID) FROM NSN_ON_HAND));
INSERT INTO LINE_NUMBER (LIN, NOMENCLATURE, AUTH_DOC, AUTHORIZED, REQUIRED, DUE_IN, PBIC) VALUES ('K47623', 'KY-99: MINTERM', '11103RFCFC', 2, 2, 0, (SELECT MAX(PBIC_ID) FROM PBIC));
INSERT INTO NATIONAL_STOCK_NUMBER (NSN, NOMENCLATURE, UNIT_OF_ISSUE, UNIT_PRICE) VALUES ('5810013910187', 'KY 99A MINTERM', 'EA', 6207);
INSERT INTO NSN_ON_HAND (NSN, ON_HAND, LIN_ID) VALUES ('5810013910187', 2, (SELECT MAX(LIN_ID) FROM LINE_NUMBER));
INSERT INTO ITEM (SERIAL_NUMBER, NSN_ID) VALUES ('13052 ', (SELECT MAX(NSN_ID) FROM NSN_ON_HAND));
INSERT INTO ITEM (SERIAL_NUMBER, NSN_ID) VALUES ('348 ', (SELECT MAX(NSN_ID) FROM NSN_ON_HAND));
INSERT INTO LINE_NUMBER (LIN, NOMENCLATURE, AUTH_DOC, AUTHORIZED, REQUIRED, DUE_IN, PBIC) VALUES ('L69012', 'LAUNCHER GRENADE: M203A2', '11103RFCFC', 4, 4, 0, (SELECT MAX(PBIC_ID) FROM PBIC));
INSERT INTO NATIONAL_STOCK_NUMBER (NSN, NOMENCLATURE, UNIT_OF_ISSUE, UNIT_PRICE) VALUES ('1010014958511', 'LAUNCHER GRENA M203A2', 'EA', 1060);
INSERT INTO NSN_ON_HAND (NSN, ON_HAND, LIN_ID) VALUES ('1010014958511', 4, (SELECT MAX(LIN_ID) FROM LINE_NUMBER));
INSERT INTO ITEM (SERIAL_NUMBER, NSN_ID) VALUES ('164098 ', (SELECT MAX(NSN_ID) FROM NSN_ON_HAND));
INSERT INTO ITEM (SERIAL_NUMBER, NSN_ID) VALUES ('306938 ', (SELECT MAX(NSN_ID) FROM NSN_ON_HAND));
INSERT INTO ITEM (SERIAL_NUMBER, NSN_ID) VALUES ('3152137 ', (SELECT MAX(NSN_ID) FROM NSN_ON_HAND));
INSERT INTO ITEM (SERIAL_NUMBER, NSN_ID) VALUES ('58070 ', (SELECT MAX(NSN_ID) FROM NSN_ON_HAND));
INSERT INTO NATIONAL_STOCK_NUMBER (NSN, NOMENCLATURE, UNIT_OF_ISSUE, UNIT_PRICE) VALUES ('1010015572542', 'LAUNCHER,GRENADE', 'EA', 3413);
INSERT INTO NSN_ON_HAND (NSN, ON_HAND, LIN_ID) VALUES ('1010015572542', 4, (SELECT MAX(LIN_ID) FROM LINE_NUMBER));
INSERT INTO ITEM (SERIAL_NUMBER, NSN_ID) VALUES ('254-018015 ', (SELECT MAX(NSN_ID) FROM NSN_ON_HAND));
INSERT INTO ITEM (SERIAL_NUMBER, NSN_ID) VALUES ('254-018016 ', (SELECT MAX(NSN_ID) FROM NSN_ON_HAND));
INSERT INTO ITEM (SERIAL_NUMBER, NSN_ID) VALUES ('254-018017 ', (SELECT MAX(NSN_ID) FROM NSN_ON_HAND));
INSERT INTO ITEM (SERIAL_NUMBER, NSN_ID) VALUES ('254-018018 ', (SELECT MAX(NSN_ID) FROM NSN_ON_HAND));
INSERT INTO LINE_NUMBER (LIN, NOMENCLATURE, AUTH_DOC, AUTHORIZED, REQUIRED, DUE_IN, PBIC) VALUES ('M09009', 'MACHINE GUN 5.56 MILLIMETER: M249', '11103RFCFC', 2, 6, 0, (SELECT MAX(PBIC_ID) FROM PBIC));
INSERT INTO NATIONAL_STOCK_NUMBER (NSN, NOMENCLATURE, UNIT_OF_ISSUE, UNIT_PRICE) VALUES ('1005011277510', 'MACH GUN 5.56MM M249', 'EA', 3830);
INSERT INTO NSN_ON_HAND (NSN, ON_HAND, LIN_ID) VALUES ('1005011277510', 8, (SELECT MAX(LIN_ID) FROM LINE_NUMBER));
INSERT INTO ITEM (SERIAL_NUMBER, NSN_ID) VALUES ('034141 ', (SELECT MAX(NSN_ID) FROM NSN_ON_HAND));
INSERT INTO ITEM (SERIAL_NUMBER, NSN_ID) VALUES ('101342 ', (SELECT MAX(NSN_ID) FROM NSN_ON_HAND));
INSERT INTO ITEM (SERIAL_NUMBER, NSN_ID) VALUES ('117397 ', (SELECT MAX(NSN_ID) FROM NSN_ON_HAND));
INSERT INTO ITEM (SERIAL_NUMBER, NSN_ID) VALUES ('119020 ', (SELECT MAX(NSN_ID) FROM NSN_ON_HAND));
INSERT INTO ITEM (SERIAL_NUMBER, NSN_ID) VALUES ('119058 ', (SELECT MAX(NSN_ID) FROM NSN_ON_HAND));
INSERT INTO ITEM (SERIAL_NUMBER, NSN_ID) VALUES ('167895 ', (SELECT MAX(NSN_ID) FROM NSN_ON_HAND));
INSERT INTO ITEM (SERIAL_NUMBER, NSN_ID) VALUES ('167896 ', (SELECT MAX(NSN_ID) FROM NSN_ON_HAND));
INSERT INTO ITEM (SERIAL_NUMBER, NSN_ID) VALUES ('232375 ', (SELECT MAX(NSN_ID) FROM NSN_ON_HAND));
INSERT INTO LINE_NUMBER (LIN, NOMENCLATURE, AUTH_DOC, AUTHORIZED, REQUIRED, DUE_IN, PBIC) VALUES ('M12418', 'MASK CHEMICAL BIOLOGICAL: M40', '11103RFCFC', 36, 52, 0, (SELECT MAX(PBIC_ID) FROM PBIC));
INSERT INTO NATIONAL_STOCK_NUMBER (NSN, NOMENCLATURE, UNIT_OF_ISSUE, UNIT_PRICE) VALUES ('4240013703821', 'MASK CHEM-BIO M40A1', 'EA', 280);
INSERT INTO NSN_ON_HAND (NSN, ON_HAND, LIN_ID) VALUES ('4240013703821', 6, (SELECT MAX(LIN_ID) FROM LINE_NUMBER));
INSERT INTO NATIONAL_STOCK_NUMBER (NSN, NOMENCLATURE, UNIT_OF_ISSUE, UNIT_PRICE) VALUES ('4240013703822', 'MASK CHEM-BIOL M40A1', 'EA', 277);
INSERT INTO NSN_ON_HAND (NSN, ON_HAND, LIN_ID) VALUES ('4240013703822', 31, (SELECT MAX(LIN_ID) FROM LINE_NUMBER));
INSERT INTO NATIONAL_STOCK_NUMBER (NSN, NOMENCLATURE, UNIT_OF_ISSUE, UNIT_PRICE) VALUES ('4240013703823', 'MASK CHEM-BIOL M40A1', 'EA', 278);
INSERT INTO NSN_ON_HAND (NSN, ON_HAND, LIN_ID) VALUES ('4240013703823', 15, (SELECT MAX(LIN_ID) FROM LINE_NUMBER));
INSERT INTO LINE_NUMBER (LIN, NOMENCLATURE, AUTH_DOC, AUTHORIZED, REQUIRED, DUE_IN, PBIC) VALUES ('M12647', 'MOUNT MACHINE GUN: 40MM MK93', '11103RFCFC', 2, 6, 0, (SELECT MAX(PBIC_ID) FROM PBIC));
INSERT INTO NATIONAL_STOCK_NUMBER (NSN, NOMENCLATURE, UNIT_OF_ISSUE, UNIT_PRICE) VALUES ('1010015027547', 'MT MG 40MM MK93 MOD2', 'EA', 1801);
INSERT INTO NSN_ON_HAND (NSN, ON_HAND, LIN_ID) VALUES ('1010015027547', 3, (SELECT MAX(LIN_ID) FROM LINE_NUMBER));
INSERT INTO LINE_NUMBER (LIN, NOMENCLATURE, AUTH_DOC, AUTHORIZED, REQUIRED, DUE_IN, PBIC) VALUES ('M13833', 'MAST: AB-1339A/G', '11103RFCFC', 0, 6, 0, (SELECT MAX(PBIC_ID) FROM PBIC));
INSERT INTO LINE_NUMBER (LIN, NOMENCLATURE, AUTH_DOC, AUTHORIZED, REQUIRED, DUE_IN, PBIC) VALUES ('M18526', 'MASK CHEMICAL BIOLOGICAL: COMBATVEHICLE M42', '11103RFCFC', 0, 4, 0, (SELECT MAX(PBIC_ID) FROM PBIC));
INSERT INTO NATIONAL_STOCK_NUMBER (NSN, NOMENCLATURE, UNIT_OF_ISSUE, UNIT_PRICE) VALUES ('4240012580065', 'MASK CH BI C V M42 ME', 'EA', 398);
INSERT INTO NSN_ON_HAND (NSN, ON_HAND, LIN_ID) VALUES ('4240012580065', 4, (SELECT MAX(LIN_ID) FROM LINE_NUMBER));
INSERT INTO LINE_NUMBER (LIN, NOMENCLATURE, AUTH_DOC, AUTHORIZED, REQUIRED, DUE_IN, PBIC) VALUES ('M39263', 'MACHINE GUN: LIGHT 5.56MM M249', '11103RFCFC', 4, 4, 1, (SELECT MAX(PBIC_ID) FROM PBIC));
INSERT INTO NATIONAL_STOCK_NUMBER (NSN, NOMENCLATURE, UNIT_OF_ISSUE, UNIT_PRICE) VALUES ('1005014516769', 'LMG: 5.56MM M249', 'EA', 2778.66);
INSERT INTO NSN_ON_HAND (NSN, ON_HAND, LIN_ID) VALUES ('1005014516769', 3, (SELECT MAX(LIN_ID) FROM LINE_NUMBER));
INSERT INTO ITEM (SERIAL_NUMBER, NSN_ID) VALUES ('176303 ', (SELECT MAX(NSN_ID) FROM NSN_ON_HAND));
INSERT INTO ITEM (SERIAL_NUMBER, NSN_ID) VALUES ('176322 ', (SELECT MAX(NSN_ID) FROM NSN_ON_HAND));
INSERT INTO ITEM (SERIAL_NUMBER, NSN_ID) VALUES ('176535 ', (SELECT MAX(NSN_ID) FROM NSN_ON_HAND));
INSERT INTO LINE_NUMBER (LIN, NOMENCLATURE, AUTH_DOC, AUTHORIZED, REQUIRED, DUE_IN, PBIC) VALUES ('M39331', 'MACHINE GUN: CALIBER 50', '11103RFCFC', 0, 2, 0, (SELECT MAX(PBIC_ID) FROM PBIC));
INSERT INTO NATIONAL_STOCK_NUMBER (NSN, NOMENCLATURE, UNIT_OF_ISSUE, UNIT_PRICE) VALUES ('1005015111250', 'MACHINE GUN CALIBER', 'EA', 8493);
INSERT INTO NSN_ON_HAND (NSN, ON_HAND, LIN_ID) VALUES ('1005015111250', 2, (SELECT MAX(LIN_ID) FROM LINE_NUMBER));
INSERT INTO ITEM (SERIAL_NUMBER, NSN_ID) VALUES ('1884616 ', (SELECT MAX(NSN_ID) FROM NSN_ON_HAND));
INSERT INTO ITEM (SERIAL_NUMBER, NSN_ID) VALUES ('M3038691 ', (SELECT MAX(NSN_ID) FROM NSN_ON_HAND));
INSERT INTO LINE_NUMBER (LIN, NOMENCLATURE, AUTH_DOC, AUTHORIZED, REQUIRED, DUE_IN, PBIC) VALUES ('M60256', 'MOUNT TRIPOD MACH GUN 7.62MM:', '11103RFCFC', 4, 4, 0, (SELECT MAX(PBIC_ID) FROM PBIC));
INSERT INTO NATIONAL_STOCK_NUMBER (NSN, NOMENCLATURE, UNIT_OF_ISSUE, UNIT_PRICE) VALUES ('1005015030141', 'MT MACH GUN M192', 'EA', 1785);
INSERT INTO NSN_ON_HAND (NSN, ON_HAND, LIN_ID) VALUES ('1005015030141', 5, (SELECT MAX(LIN_ID) FROM LINE_NUMBER));
INSERT INTO NATIONAL_STOCK_NUMBER (NSN, NOMENCLATURE, UNIT_OF_ISSUE, UNIT_PRICE) VALUES ('1005007105599', 'MOUNT,TRIPOD,MACHIN', 'EA', 619);
INSERT INTO NSN_ON_HAND (NSN, ON_HAND, LIN_ID) VALUES ('1005007105599', 5, (SELECT MAX(LIN_ID) FROM LINE_NUMBER));
INSERT INTO LINE_NUMBER (LIN, NOMENCLATURE, AUTH_DOC, AUTHORIZED, REQUIRED, DUE_IN, PBIC) VALUES ('M60449', 'MULTIMETER DIGITAL: AN/PSM-45', 'TM/LTR/MSG/Spec Auth', 12, 0, 0, (SELECT MAX(PBIC_ID) FROM PBIC));
INSERT INTO NATIONAL_STOCK_NUMBER (NSN, NOMENCLATURE, UNIT_OF_ISSUE, UNIT_PRICE) VALUES ('6625012656000', 'MULT DIGIT AN/PSM-45A', 'EA', 563.83);
INSERT INTO NSN_ON_HAND (NSN, ON_HAND, LIN_ID) VALUES ('6625012656000', 12, (SELECT MAX(LIN_ID) FROM LINE_NUMBER));
INSERT INTO LINE_NUMBER (LIN, NOMENCLATURE, AUTH_DOC, AUTHORIZED, REQUIRED, DUE_IN, PBIC) VALUES ('M74364', 'MOUNT GUN: RING CAL .50', '11103RFCFC', 1, 1, 0, (SELECT MAX(PBIC_ID) FROM PBIC));
INSERT INTO NATIONAL_STOCK_NUMBER (NSN, NOMENCLATURE, UNIT_OF_ISSUE, UNIT_PRICE) VALUES ('1005007012810', 'MOUNT GUN RING M66', 'EA', 3963);
INSERT INTO NSN_ON_HAND (NSN, ON_HAND, LIN_ID) VALUES ('1005007012810', 1, (SELECT MAX(LIN_ID) FROM LINE_NUMBER));
INSERT INTO LINE_NUMBER (LIN, NOMENCLATURE, AUTH_DOC, AUTHORIZED, REQUIRED, DUE_IN, PBIC) VALUES ('M74823', 'MOUNT MACHINE GUN: MK64 MOD9', 'TM/LTR/MSG/Spec Auth', 3, 0, 0, (SELECT MAX(PBIC_ID) FROM PBIC));
INSERT INTO NATIONAL_STOCK_NUMBER (NSN, NOMENCLATURE, UNIT_OF_ISSUE, UNIT_PRICE) VALUES ('1010014123159', 'MT MG MK64 MOD9', 'EA', 1801);
INSERT INTO NSN_ON_HAND (NSN, ON_HAND, LIN_ID) VALUES ('1010014123159', 3, (SELECT MAX(LIN_ID) FROM LINE_NUMBER));
INSERT INTO LINE_NUMBER (LIN, NOMENCLATURE, AUTH_DOC, AUTHORIZED, REQUIRED, DUE_IN, PBIC) VALUES ('M75577', 'MOUNT TRIPOD MACHINE GUN: HEAVY CALIBER 50', '11103RFCFC', 2, 6, 0, (SELECT MAX(PBIC_ID) FROM PBIC));
INSERT INTO NATIONAL_STOCK_NUMBER (NSN, NOMENCLATURE, UNIT_OF_ISSUE, UNIT_PRICE) VALUES ('1005003229716', 'MT TPD MG CAL .50 M3', 'EA', 757);
INSERT INTO NSN_ON_HAND (NSN, ON_HAND, LIN_ID) VALUES ('1005003229716', 6, (SELECT MAX(LIN_ID) FROM LINE_NUMBER));
INSERT INTO ITEM (SERIAL_NUMBER, NSN_ID) VALUES ('050485 ', (SELECT MAX(NSN_ID) FROM NSN_ON_HAND));
INSERT INTO ITEM (SERIAL_NUMBER, NSN_ID) VALUES ('257379 ', (SELECT MAX(NSN_ID) FROM NSN_ON_HAND));
INSERT INTO ITEM (SERIAL_NUMBER, NSN_ID) VALUES ('259308 ', (SELECT MAX(NSN_ID) FROM NSN_ON_HAND));
INSERT INTO LINE_NUMBER (LIN, NOMENCLATURE, AUTH_DOC, AUTHORIZED, REQUIRED, DUE_IN, PBIC) VALUES ('M92362', 'MACHINE GUN GRENADE 40MM: MK19 MOD III', '11103RFCFC', 2, 4, 0, (SELECT MAX(PBIC_ID) FROM PBIC));
INSERT INTO NATIONAL_STOCK_NUMBER (NSN, NOMENCLATURE, UNIT_OF_ISSUE, UNIT_PRICE) VALUES ('1010014909697', 'MACH GUN 40MM: MK19', 'EA', 15320);
INSERT INTO NSN_ON_HAND (NSN, ON_HAND, LIN_ID) VALUES ('1010014909697', 6, (SELECT MAX(LIN_ID) FROM LINE_NUMBER));
INSERT INTO ITEM (SERIAL_NUMBER, NSN_ID) VALUES ('22411 ', (SELECT MAX(NSN_ID) FROM NSN_ON_HAND));
INSERT INTO ITEM (SERIAL_NUMBER, NSN_ID) VALUES ('33880 ', (SELECT MAX(NSN_ID) FROM NSN_ON_HAND));
INSERT INTO ITEM (SERIAL_NUMBER, NSN_ID) VALUES ('33897 ', (SELECT MAX(NSN_ID) FROM NSN_ON_HAND));
INSERT INTO ITEM (SERIAL_NUMBER, NSN_ID) VALUES ('44334 ', (SELECT MAX(NSN_ID) FROM NSN_ON_HAND));
INSERT INTO ITEM (SERIAL_NUMBER, NSN_ID) VALUES ('44369 ', (SELECT MAX(NSN_ID) FROM NSN_ON_HAND));
INSERT INTO ITEM (SERIAL_NUMBER, NSN_ID) VALUES ('44374 ', (SELECT MAX(NSN_ID) FROM NSN_ON_HAND));
INSERT INTO LINE_NUMBER (LIN, NOMENCLATURE, AUTH_DOC, AUTHORIZED, REQUIRED, DUE_IN, PBIC) VALUES ('MC8014', 'TOOL KIT COMMUNICATIONS', 'CTA 50-909', 2, 0, 0, (SELECT MAX(PBIC_ID) FROM PBIC));
INSERT INTO NATIONAL_STOCK_NUMBER (NSN, NOMENCLATURE, UNIT_OF_ISSUE, UNIT_PRICE) VALUES ('518001C007637', 'TOOL KIT COMMUNICATIONS: JTK 5000 JENSEN', 'KT', 630);
INSERT INTO NSN_ON_HAND (NSN, ON_HAND, LIN_ID) VALUES ('518001C007637', 2, (SELECT MAX(LIN_ID) FROM LINE_NUMBER));
INSERT INTO LINE_NUMBER (LIN, NOMENCLATURE, AUTH_DOC, AUTHORIZED, REQUIRED, DUE_IN, PBIC) VALUES ('N04580', 'NET CONTROL STATION: AN/TSQ-158', '11103RFCFC', 0, 2, 0, (SELECT MAX(PBIC_ID) FROM PBIC));
INSERT INTO NATIONAL_STOCK_NUMBER (NSN, NOMENCLATURE, UNIT_OF_ISSUE, UNIT_PRICE) VALUES ('5895014955977', 'NET CO ST AN/TSQ-158A', 'EA', 306082);
INSERT INTO NSN_ON_HAND (NSN, ON_HAND, LIN_ID) VALUES ('5895014955977', 2, (SELECT MAX(LIN_ID) FROM LINE_NUMBER));
INSERT INTO ITEM (SERIAL_NUMBER, NSN_ID) VALUES ('3CKYA04828 ', (SELECT MAX(NSN_ID) FROM NSN_ON_HAND));
INSERT INTO ITEM (SERIAL_NUMBER, NSN_ID) VALUES ('3CKYA04950 ', (SELECT MAX(NSN_ID) FROM NSN_ON_HAND));
INSERT INTO LINE_NUMBER (LIN, NOMENCLATURE, AUTH_DOC, AUTHORIZED, REQUIRED, DUE_IN, PBIC) VALUES ('N05482', 'NIGHT VISION: GOGGLE', '11103RFCFC', 32, 56, 0, (SELECT MAX(PBIC_ID) FROM PBIC));
INSERT INTO NATIONAL_STOCK_NUMBER (NSN, NOMENCLATURE, UNIT_OF_ISSUE, UNIT_PRICE) VALUES ('5855012280937', 'NIGHT VIS G AN/PVS-7B', 'EA', 3578);
INSERT INTO NSN_ON_HAND (NSN, ON_HAND, LIN_ID) VALUES ('5855012280937', 60, (SELECT MAX(LIN_ID) FROM LINE_NUMBER));
INSERT INTO ITEM (SERIAL_NUMBER, NSN_ID) VALUES ('17135 ', (SELECT MAX(NSN_ID) FROM NSN_ON_HAND));
INSERT INTO ITEM (SERIAL_NUMBER, NSN_ID) VALUES ('76682 ', (SELECT MAX(NSN_ID) FROM NSN_ON_HAND));
INSERT INTO ITEM (SERIAL_NUMBER, NSN_ID) VALUES ('76828 ', (SELECT MAX(NSN_ID) FROM NSN_ON_HAND));
INSERT INTO ITEM (SERIAL_NUMBER, NSN_ID) VALUES ('76832 ', (SELECT MAX(NSN_ID) FROM NSN_ON_HAND));
INSERT INTO ITEM (SERIAL_NUMBER, NSN_ID) VALUES ('76839 ', (SELECT MAX(NSN_ID) FROM NSN_ON_HAND));
INSERT INTO ITEM (SERIAL_NUMBER, NSN_ID) VALUES ('76909 ', (SELECT MAX(NSN_ID) FROM NSN_ON_HAND));
INSERT INTO ITEM (SERIAL_NUMBER, NSN_ID) VALUES ('76937 ', (SELECT MAX(NSN_ID) FROM NSN_ON_HAND));
INSERT INTO ITEM (SERIAL_NUMBER, NSN_ID) VALUES ('76944 ', (SELECT MAX(NSN_ID) FROM NSN_ON_HAND));
INSERT INTO ITEM (SERIAL_NUMBER, NSN_ID) VALUES ('77047 ', (SELECT MAX(NSN_ID) FROM NSN_ON_HAND));
INSERT INTO ITEM (SERIAL_NUMBER, NSN_ID) VALUES ('77311 ', (SELECT MAX(NSN_ID) FROM NSN_ON_HAND));
INSERT INTO ITEM (SERIAL_NUMBER, NSN_ID) VALUES ('77515 ', (SELECT MAX(NSN_ID) FROM NSN_ON_HAND));
INSERT INTO ITEM (SERIAL_NUMBER, NSN_ID) VALUES ('77540 ', (SELECT MAX(NSN_ID) FROM NSN_ON_HAND));
INSERT INTO ITEM (SERIAL_NUMBER, NSN_ID) VALUES ('77635 ', (SELECT MAX(NSN_ID) FROM NSN_ON_HAND));
INSERT INTO ITEM (SERIAL_NUMBER, NSN_ID) VALUES ('77640 ', (SELECT MAX(NSN_ID) FROM NSN_ON_HAND));
INSERT INTO ITEM (SERIAL_NUMBER, NSN_ID) VALUES ('77643 ', (SELECT MAX(NSN_ID) FROM NSN_ON_HAND));
INSERT INTO ITEM (SERIAL_NUMBER, NSN_ID) VALUES ('77644 ', (SELECT MAX(NSN_ID) FROM NSN_ON_HAND));
INSERT INTO ITEM (SERIAL_NUMBER, NSN_ID) VALUES ('77645 ', (SELECT MAX(NSN_ID) FROM NSN_ON_HAND));
INSERT INTO ITEM (SERIAL_NUMBER, NSN_ID) VALUES ('77646 ', (SELECT MAX(NSN_ID) FROM NSN_ON_HAND));
INSERT INTO ITEM (SERIAL_NUMBER, NSN_ID) VALUES ('77648 ', (SELECT MAX(NSN_ID) FROM NSN_ON_HAND));
INSERT INTO ITEM (SERIAL_NUMBER, NSN_ID) VALUES ('77651 ', (SELECT MAX(NSN_ID) FROM NSN_ON_HAND));
INSERT INTO ITEM (SERIAL_NUMBER, NSN_ID) VALUES ('77653 ', (SELECT MAX(NSN_ID) FROM NSN_ON_HAND));
INSERT INTO ITEM (SERIAL_NUMBER, NSN_ID) VALUES ('77657 ', (SELECT MAX(NSN_ID) FROM NSN_ON_HAND));
INSERT INTO ITEM (SERIAL_NUMBER, NSN_ID) VALUES ('77659 ', (SELECT MAX(NSN_ID) FROM NSN_ON_HAND));
INSERT INTO ITEM (SERIAL_NUMBER, NSN_ID) VALUES ('77661 ', (SELECT MAX(NSN_ID) FROM NSN_ON_HAND));
INSERT INTO ITEM (SERIAL_NUMBER, NSN_ID) VALUES ('77664 ', (SELECT MAX(NSN_ID) FROM NSN_ON_HAND));
INSERT INTO ITEM (SERIAL_NUMBER, NSN_ID) VALUES ('77667 ', (SELECT MAX(NSN_ID) FROM NSN_ON_HAND));
INSERT INTO ITEM (SERIAL_NUMBER, NSN_ID) VALUES ('77668 ', (SELECT MAX(NSN_ID) FROM NSN_ON_HAND));
INSERT INTO ITEM (SERIAL_NUMBER, NSN_ID) VALUES ('77671 ', (SELECT MAX(NSN_ID) FROM NSN_ON_HAND));
INSERT INTO ITEM (SERIAL_NUMBER, NSN_ID) VALUES ('77672 ', (SELECT MAX(NSN_ID) FROM NSN_ON_HAND));
INSERT INTO ITEM (SERIAL_NUMBER, NSN_ID) VALUES ('77676 ', (SELECT MAX(NSN_ID) FROM NSN_ON_HAND));
INSERT INTO ITEM (SERIAL_NUMBER, NSN_ID) VALUES ('77677 ', (SELECT MAX(NSN_ID) FROM NSN_ON_HAND));
INSERT INTO ITEM (SERIAL_NUMBER, NSN_ID) VALUES ('77681 ', (SELECT MAX(NSN_ID) FROM NSN_ON_HAND));
INSERT INTO ITEM (SERIAL_NUMBER, NSN_ID) VALUES ('77683 ', (SELECT MAX(NSN_ID) FROM NSN_ON_HAND));
INSERT INTO ITEM (SERIAL_NUMBER, NSN_ID) VALUES ('77694 ', (SELECT MAX(NSN_ID) FROM NSN_ON_HAND));
INSERT INTO ITEM (SERIAL_NUMBER, NSN_ID) VALUES ('77698 ', (SELECT MAX(NSN_ID) FROM NSN_ON_HAND));
INSERT INTO ITEM (SERIAL_NUMBER, NSN_ID) VALUES ('77699 ', (SELECT MAX(NSN_ID) FROM NSN_ON_HAND));
INSERT INTO ITEM (SERIAL_NUMBER, NSN_ID) VALUES ('77700 ', (SELECT MAX(NSN_ID) FROM NSN_ON_HAND));
INSERT INTO ITEM (SERIAL_NUMBER, NSN_ID) VALUES ('77703 ', (SELECT MAX(NSN_ID) FROM NSN_ON_HAND));
INSERT INTO ITEM (SERIAL_NUMBER, NSN_ID) VALUES ('77704 ', (SELECT MAX(NSN_ID) FROM NSN_ON_HAND));
INSERT INTO ITEM (SERIAL_NUMBER, NSN_ID) VALUES ('77709 ', (SELECT MAX(NSN_ID) FROM NSN_ON_HAND));
INSERT INTO ITEM (SERIAL_NUMBER, NSN_ID) VALUES ('77713 ', (SELECT MAX(NSN_ID) FROM NSN_ON_HAND));
INSERT INTO ITEM (SERIAL_NUMBER, NSN_ID) VALUES ('77726 ', (SELECT MAX(NSN_ID) FROM NSN_ON_HAND));
INSERT INTO ITEM (SERIAL_NUMBER, NSN_ID) VALUES ('77740 ', (SELECT MAX(NSN_ID) FROM NSN_ON_HAND));
INSERT INTO ITEM (SERIAL_NUMBER, NSN_ID) VALUES ('78004 ', (SELECT MAX(NSN_ID) FROM NSN_ON_HAND));
INSERT INTO ITEM (SERIAL_NUMBER, NSN_ID) VALUES ('78011 ', (SELECT MAX(NSN_ID) FROM NSN_ON_HAND));
INSERT INTO ITEM (SERIAL_NUMBER, NSN_ID) VALUES ('78012 ', (SELECT MAX(NSN_ID) FROM NSN_ON_HAND));
INSERT INTO ITEM (SERIAL_NUMBER, NSN_ID) VALUES ('78053 ', (SELECT MAX(NSN_ID) FROM NSN_ON_HAND));
INSERT INTO ITEM (SERIAL_NUMBER, NSN_ID) VALUES ('78056 ', (SELECT MAX(NSN_ID) FROM NSN_ON_HAND));
INSERT INTO ITEM (SERIAL_NUMBER, NSN_ID) VALUES ('78064 ', (SELECT MAX(NSN_ID) FROM NSN_ON_HAND));
INSERT INTO ITEM (SERIAL_NUMBER, NSN_ID) VALUES ('78067 ', (SELECT MAX(NSN_ID) FROM NSN_ON_HAND));
INSERT INTO ITEM (SERIAL_NUMBER, NSN_ID) VALUES ('78084 ', (SELECT MAX(NSN_ID) FROM NSN_ON_HAND));
INSERT INTO ITEM (SERIAL_NUMBER, NSN_ID) VALUES ('78085 ', (SELECT MAX(NSN_ID) FROM NSN_ON_HAND));
INSERT INTO ITEM (SERIAL_NUMBER, NSN_ID) VALUES ('78098 ', (SELECT MAX(NSN_ID) FROM NSN_ON_HAND));
INSERT INTO ITEM (SERIAL_NUMBER, NSN_ID) VALUES ('78100 ', (SELECT MAX(NSN_ID) FROM NSN_ON_HAND));
INSERT INTO ITEM (SERIAL_NUMBER, NSN_ID) VALUES ('78227 ', (SELECT MAX(NSN_ID) FROM NSN_ON_HAND));
INSERT INTO ITEM (SERIAL_NUMBER, NSN_ID) VALUES ('78229 ', (SELECT MAX(NSN_ID) FROM NSN_ON_HAND));
INSERT INTO ITEM (SERIAL_NUMBER, NSN_ID) VALUES ('78239 ', (SELECT MAX(NSN_ID) FROM NSN_ON_HAND));
INSERT INTO ITEM (SERIAL_NUMBER, NSN_ID) VALUES ('78254 ', (SELECT MAX(NSN_ID) FROM NSN_ON_HAND));
INSERT INTO ITEM (SERIAL_NUMBER, NSN_ID) VALUES ('78255 ', (SELECT MAX(NSN_ID) FROM NSN_ON_HAND));
INSERT INTO ITEM (SERIAL_NUMBER, NSN_ID) VALUES ('78266 ', (SELECT MAX(NSN_ID) FROM NSN_ON_HAND));
INSERT INTO LINE_NUMBER (LIN, NOMENCLATURE, AUTH_DOC, AUTHORIZED, REQUIRED, DUE_IN, PBIC) VALUES ('N95862', 'NAVIGATION SET SATELLITE SYSTEMS:', 'CTA 50-900', 0, 0, 0, (SELECT MAX(PBIC_ID) FROM PBIC));
INSERT INTO NATIONAL_STOCK_NUMBER (NSN, NOMENCLATURE, UNIT_OF_ISSUE, UNIT_PRICE) VALUES ('5825013953513', 'NAVIGATION SET: SAT', 'EA', 2052.59);
INSERT INTO NSN_ON_HAND (NSN, ON_HAND, LIN_ID) VALUES ('5825013953513', 2, (SELECT MAX(LIN_ID) FROM LINE_NUMBER));
INSERT INTO ITEM (SERIAL_NUMBER, NSN_ID) VALUES ('134049 ', (SELECT MAX(NSN_ID) FROM NSN_ON_HAND));
INSERT INTO ITEM (SERIAL_NUMBER, NSN_ID) VALUES ('173732 ', (SELECT MAX(NSN_ID) FROM NSN_ON_HAND));
INSERT INTO LINE_NUMBER (LIN, NOMENCLATURE, AUTH_DOC, AUTHORIZED, REQUIRED, DUE_IN, PBIC) VALUES ('N96248', 'NAVIGATION SET: SATELLITE SIGNALS AN/PSN-13', '11103RFCFC', 15, 20, 0, (SELECT MAX(PBIC_ID) FROM PBIC));
INSERT INTO NATIONAL_STOCK_NUMBER (NSN, NOMENCLATURE, UNIT_OF_ISSUE, UNIT_PRICE) VALUES ('5825015264783', 'NA SE SA AN/PSN-13(A)', 'EA', 3572.71);
INSERT INTO NSN_ON_HAND (NSN, ON_HAND, LIN_ID) VALUES ('5825015264783', 16, (SELECT MAX(LIN_ID) FROM LINE_NUMBER));
INSERT INTO ITEM (SERIAL_NUMBER, NSN_ID) VALUES ('109171 ', (SELECT MAX(NSN_ID) FROM NSN_ON_HAND));
INSERT INTO ITEM (SERIAL_NUMBER, NSN_ID) VALUES ('143964 ', (SELECT MAX(NSN_ID) FROM NSN_ON_HAND));
INSERT INTO ITEM (SERIAL_NUMBER, NSN_ID) VALUES ('189708 ', (SELECT MAX(NSN_ID) FROM NSN_ON_HAND));
INSERT INTO ITEM (SERIAL_NUMBER, NSN_ID) VALUES ('202711 ', (SELECT MAX(NSN_ID) FROM NSN_ON_HAND));
INSERT INTO ITEM (SERIAL_NUMBER, NSN_ID) VALUES ('208915 ', (SELECT MAX(NSN_ID) FROM NSN_ON_HAND));
INSERT INTO ITEM (SERIAL_NUMBER, NSN_ID) VALUES ('222735 ', (SELECT MAX(NSN_ID) FROM NSN_ON_HAND));
INSERT INTO ITEM (SERIAL_NUMBER, NSN_ID) VALUES ('259635 ', (SELECT MAX(NSN_ID) FROM NSN_ON_HAND));
INSERT INTO ITEM (SERIAL_NUMBER, NSN_ID) VALUES ('263537 ', (SELECT MAX(NSN_ID) FROM NSN_ON_HAND));
INSERT INTO ITEM (SERIAL_NUMBER, NSN_ID) VALUES ('263646 ', (SELECT MAX(NSN_ID) FROM NSN_ON_HAND));
INSERT INTO ITEM (SERIAL_NUMBER, NSN_ID) VALUES ('268985 ', (SELECT MAX(NSN_ID) FROM NSN_ON_HAND));
INSERT INTO ITEM (SERIAL_NUMBER, NSN_ID) VALUES ('28801 ', (SELECT MAX(NSN_ID) FROM NSN_ON_HAND));
INSERT INTO ITEM (SERIAL_NUMBER, NSN_ID) VALUES ('292338 ', (SELECT MAX(NSN_ID) FROM NSN_ON_HAND));
INSERT INTO ITEM (SERIAL_NUMBER, NSN_ID) VALUES ('292486 ', (SELECT MAX(NSN_ID) FROM NSN_ON_HAND));
INSERT INTO ITEM (SERIAL_NUMBER, NSN_ID) VALUES ('306215 ', (SELECT MAX(NSN_ID) FROM NSN_ON_HAND));
INSERT INTO ITEM (SERIAL_NUMBER, NSN_ID) VALUES ('306217 ', (SELECT MAX(NSN_ID) FROM NSN_ON_HAND));
INSERT INTO ITEM (SERIAL_NUMBER, NSN_ID) VALUES ('327224 ', (SELECT MAX(NSN_ID) FROM NSN_ON_HAND));
INSERT INTO LINE_NUMBER (LIN, NOMENCLATURE, AUTH_DOC, AUTHORIZED, REQUIRED, DUE_IN, PBIC) VALUES ('NA4503', 'FIELD MEDICAL SETS, KITS, & OUTFITS', 'CTA 50-909', 17, 0, 0, (SELECT MAX(PBIC_ID) FROM PBIC));
INSERT INTO NATIONAL_STOCK_NUMBER (NSN, NOMENCLATURE, UNIT_OF_ISSUE, UNIT_PRICE) VALUES ('6545015729963', 'MES COMBAT LIFE SAVER', 'SE', 534.97);
INSERT INTO NSN_ON_HAND (NSN, ON_HAND, LIN_ID) VALUES ('6545015729963', 17, (SELECT MAX(LIN_ID) FROM LINE_NUMBER));
INSERT INTO LINE_NUMBER (LIN, NOMENCLATURE, AUTH_DOC, AUTHORIZED, REQUIRED, DUE_IN, PBIC) VALUES ('P40750', 'POWER SUPPLY: PP-6224/U', '11103RFCFC', 9, 15, 0, (SELECT MAX(PBIC_ID) FROM PBIC));
INSERT INTO NATIONAL_STOCK_NUMBER (NSN, NOMENCLATURE, UNIT_OF_ISSUE, UNIT_PRICE) VALUES ('6130015712142', 'POWER SUPPLY', 'EA', 4322);
INSERT INTO NSN_ON_HAND (NSN, ON_HAND, LIN_ID) VALUES ('6130015712142', 15, (SELECT MAX(LIN_ID) FROM LINE_NUMBER));
INSERT INTO LINE_NUMBER (LIN, NOMENCLATURE, AUTH_DOC, AUTHORIZED, REQUIRED, DUE_IN, PBIC) VALUES ('P49587', 'RADIO SET: AN/VSQ-2D(V)1', '11103RFCFC', 7, 16, 0, (SELECT MAX(PBIC_ID) FROM PBIC));
INSERT INTO NATIONAL_STOCK_NUMBER (NSN, NOMENCLATURE, UNIT_OF_ISSUE, UNIT_PRICE) VALUES ('5820015024040', 'VE RO S AN/VSQ-2D(V)1', 'EA', 39373);
INSERT INTO NSN_ON_HAND (NSN, ON_HAND, LIN_ID) VALUES ('5820015024040', 18, (SELECT MAX(LIN_ID) FROM LINE_NUMBER));
INSERT INTO NATIONAL_STOCK_NUMBER (NSN, NOMENCLATURE, UNIT_OF_ISSUE, UNIT_PRICE) VALUES ('5895012774806', 'VEH RDO ST AN/VSQ-2 V', 'EA', 50011);
INSERT INTO NSN_ON_HAND (NSN, ON_HAND, LIN_ID) VALUES ('5895012774806', 2, (SELECT MAX(LIN_ID) FROM LINE_NUMBER));
INSERT INTO LINE_NUMBER (LIN, NOMENCLATURE, AUTH_DOC, AUTHORIZED, REQUIRED, DUE_IN, PBIC) VALUES ('P98152', 'PISTOL 9MM AUTOMATIC: M9', '11103RFCFC', 1, 1, 0, (SELECT MAX(PBIC_ID) FROM PBIC));
INSERT INTO NATIONAL_STOCK_NUMBER (NSN, NOMENCLATURE, UNIT_OF_ISSUE, UNIT_PRICE) VALUES ('1005011182640', 'PISTOL 9MM AUTOMATIC', 'EA', 636);
INSERT INTO NSN_ON_HAND (NSN, ON_HAND, LIN_ID) VALUES ('1005011182640', 2, (SELECT MAX(LIN_ID) FROM LINE_NUMBER));
INSERT INTO ITEM (SERIAL_NUMBER, NSN_ID) VALUES ('1044977 ', (SELECT MAX(NSN_ID) FROM NSN_ON_HAND));
INSERT INTO ITEM (SERIAL_NUMBER, NSN_ID) VALUES ('1350635 ', (SELECT MAX(NSN_ID) FROM NSN_ON_HAND));
INSERT INTO LINE_NUMBER (LIN, NOMENCLATURE, AUTH_DOC, AUTHORIZED, REQUIRED, DUE_IN, PBIC) VALUES ('P99724', 'RADIO SET: AN/VSQ-2D(V)2', 'TM/LTR/MSG/Spec Auth', 3, 0, 0, (SELECT MAX(PBIC_ID) FROM PBIC));
INSERT INTO NATIONAL_STOCK_NUMBER (NSN, NOMENCLATURE, UNIT_OF_ISSUE, UNIT_PRICE) VALUES ('5820014628404', 'RADIO SET', 'EA', 34631);
INSERT INTO NSN_ON_HAND (NSN, ON_HAND, LIN_ID) VALUES ('5820014628404', 3, (SELECT MAX(LIN_ID) FROM LINE_NUMBER));
INSERT INTO ITEM (SERIAL_NUMBER, NSN_ID) VALUES ('001808/00839 ', (SELECT MAX(NSN_ID) FROM NSN_ON_HAND));
INSERT INTO ITEM (SERIAL_NUMBER, NSN_ID) VALUES ('010-732/02112 ', (SELECT MAX(NSN_ID) FROM NSN_ON_HAND));
INSERT INTO ITEM (SERIAL_NUMBER, NSN_ID) VALUES ('010911/16964 ', (SELECT MAX(NSN_ID) FROM NSN_ON_HAND));
INSERT INTO LINE_NUMBER (LIN, NOMENCLATURE, AUTH_DOC, AUTHORIZED, REQUIRED, DUE_IN, PBIC) VALUES ('P99881', 'PROC DATA CAISI 2.0:', '11103RFCFC', 1, 1, 0, (SELECT MAX(PBIC_ID) FROM PBIC));
INSERT INTO NATIONAL_STOCK_NUMBER (NSN, NOMENCLATURE, UNIT_OF_ISSUE, UNIT_PRICE) VALUES ('5820015644845', 'PROCESSOR GROUP SIG', 'EA', 5000);
INSERT INTO NSN_ON_HAND (NSN, ON_HAND, LIN_ID) VALUES ('5820015644845', 2, (SELECT MAX(LIN_ID) FROM LINE_NUMBER));
INSERT INTO ITEM (SERIAL_NUMBER, NSN_ID) VALUES ('27690 ', (SELECT MAX(NSN_ID) FROM NSN_ON_HAND));
INSERT INTO ITEM (SERIAL_NUMBER, NSN_ID) VALUES ('27709 ', (SELECT MAX(NSN_ID) FROM NSN_ON_HAND));
INSERT INTO LINE_NUMBER (LIN, NOMENCLATURE, AUTH_DOC, AUTHORIZED, REQUIRED, DUE_IN, PBIC) VALUES ('R05001', 'REKEYING CONTROLER:  KOK-13/TSEC', '11103RFCFC', 0, 2, 0, (SELECT MAX(PBIC_ID) FROM PBIC));
INSERT INTO LINE_NUMBER (LIN, NOMENCLATURE, AUTH_DOC, AUTHORIZED, REQUIRED, DUE_IN, PBIC) VALUES ('R05004', 'REPEATER SET RADIO: AN/TRC-219', '11103RFCFC', 1, 0, 0, (SELECT MAX(PBIC_ID) FROM PBIC));
INSERT INTO LINE_NUMBER (LIN, NOMENCLATURE, AUTH_DOC, AUTHORIZED, REQUIRED, DUE_IN, PBIC) VALUES ('R13098', 'RACK STORAGE SMALL ARMS: XM15 FOR MK19 MOD 3 MG', 'TM/LTR/MSG/Spec Auth', 2, 0, 0, (SELECT MAX(PBIC_ID) FROM PBIC));
INSERT INTO NATIONAL_STOCK_NUMBER (NSN, NOMENCLATURE, UNIT_OF_ISSUE, UNIT_PRICE) VALUES ('1095012169295', 'RACK STOR SM ARM M15', 'EA', 605.64);
INSERT INTO NSN_ON_HAND (NSN, ON_HAND, LIN_ID) VALUES ('1095012169295', 2, (SELECT MAX(LIN_ID) FROM LINE_NUMBER));
INSERT INTO LINE_NUMBER (LIN, NOMENCLATURE, AUTH_DOC, AUTHORIZED, REQUIRED, DUE_IN, PBIC) VALUES ('R20684', 'RADIAC SET: AN/VDR-2', '11103RFCFC', 8, 14, 0, (SELECT MAX(PBIC_ID) FROM PBIC));
INSERT INTO NATIONAL_STOCK_NUMBER (NSN, NOMENCLATURE, UNIT_OF_ISSUE, UNIT_PRICE) VALUES ('6665012221425', 'RADIAC SET AN/VDR-2', 'EA', 1950);
INSERT INTO NSN_ON_HAND (NSN, ON_HAND, LIN_ID) VALUES ('6665012221425', 10, (SELECT MAX(LIN_ID) FROM LINE_NUMBER));
INSERT INTO LINE_NUMBER (LIN, NOMENCLATURE, AUTH_DOC, AUTHORIZED, REQUIRED, DUE_IN, PBIC) VALUES ('R30658', 'RECEIVE SUITE: AN/TSR-8', 'AR 840-10', 0, 0, 0, (SELECT MAX(PBIC_ID) FROM PBIC));
INSERT INTO NATIONAL_STOCK_NUMBER (NSN, NOMENCLATURE, UNIT_OF_ISSUE, UNIT_PRICE) VALUES ('5820015306498', 'RECEIVE SUIT AN/TSR-8', 'EA', 148583);
INSERT INTO NSN_ON_HAND (NSN, ON_HAND, LIN_ID) VALUES ('5820015306498', 1, (SELECT MAX(LIN_ID) FROM LINE_NUMBER));
INSERT INTO ITEM (SERIAL_NUMBER, NSN_ID) VALUES ('2638 ', (SELECT MAX(NSN_ID) FROM NSN_ON_HAND));
INSERT INTO LINE_NUMBER (LIN, NOMENCLATURE, AUTH_DOC, AUTHORIZED, REQUIRED, DUE_IN, PBIC) VALUES ('R30925', 'RADIAC SET: AN/PDR-75A', '11103RFCFC', 1, 1, 4, (SELECT MAX(PBIC_ID) FROM PBIC));
INSERT INTO NATIONAL_STOCK_NUMBER (NSN, NOMENCLATURE, UNIT_OF_ISSUE, UNIT_PRICE) VALUES ('6665012114217', 'RADIAC SET AN/PDR-75', 'EA', 2978);
INSERT INTO NSN_ON_HAND (NSN, ON_HAND, LIN_ID) VALUES ('6665012114217', 1, (SELECT MAX(LIN_ID) FROM LINE_NUMBER));
INSERT INTO ITEM (SERIAL_NUMBER, NSN_ID) VALUES ('1839C ', (SELECT MAX(NSN_ID) FROM NSN_ON_HAND));
INSERT INTO NATIONAL_STOCK_NUMBER (NSN, NOMENCLATURE, UNIT_OF_ISSUE, UNIT_PRICE) VALUES ('6665016012411', 'RADIAC SET', 'EA', 8234.4);
INSERT INTO NSN_ON_HAND (NSN, ON_HAND, LIN_ID) VALUES ('6665016012411', 0, (SELECT MAX(LIN_ID) FROM LINE_NUMBER));
INSERT INTO LINE_NUMBER (LIN, NOMENCLATURE, AUTH_DOC, AUTHORIZED, REQUIRED, DUE_IN, PBIC) VALUES ('R31061', 'RADIAC SET: AN/UDR-13', '11103RFCFC', 8, 12, 0, (SELECT MAX(PBIC_ID) FROM PBIC));
INSERT INTO NATIONAL_STOCK_NUMBER (NSN, NOMENCLATURE, UNIT_OF_ISSUE, UNIT_PRICE) VALUES ('6665014071237', 'RADIAC ST AN/UDR-13', 'EA', 631);
INSERT INTO NSN_ON_HAND (NSN, ON_HAND, LIN_ID) VALUES ('6665014071237', 11, (SELECT MAX(LIN_ID) FROM LINE_NUMBER));
INSERT INTO ITEM (SERIAL_NUMBER, NSN_ID) VALUES ('05159B ', (SELECT MAX(NSN_ID) FROM NSN_ON_HAND));
INSERT INTO ITEM (SERIAL_NUMBER, NSN_ID) VALUES ('05321B ', (SELECT MAX(NSN_ID) FROM NSN_ON_HAND));
INSERT INTO ITEM (SERIAL_NUMBER, NSN_ID) VALUES ('10553A ', (SELECT MAX(NSN_ID) FROM NSN_ON_HAND));
INSERT INTO ITEM (SERIAL_NUMBER, NSN_ID) VALUES ('10558A ', (SELECT MAX(NSN_ID) FROM NSN_ON_HAND));
INSERT INTO ITEM (SERIAL_NUMBER, NSN_ID) VALUES ('10559A ', (SELECT MAX(NSN_ID) FROM NSN_ON_HAND));
INSERT INTO ITEM (SERIAL_NUMBER, NSN_ID) VALUES ('10560A ', (SELECT MAX(NSN_ID) FROM NSN_ON_HAND));
INSERT INTO ITEM (SERIAL_NUMBER, NSN_ID) VALUES ('10561A ', (SELECT MAX(NSN_ID) FROM NSN_ON_HAND));
INSERT INTO ITEM (SERIAL_NUMBER, NSN_ID) VALUES ('10562A ', (SELECT MAX(NSN_ID) FROM NSN_ON_HAND));
INSERT INTO ITEM (SERIAL_NUMBER, NSN_ID) VALUES ('10565A ', (SELECT MAX(NSN_ID) FROM NSN_ON_HAND));
INSERT INTO ITEM (SERIAL_NUMBER, NSN_ID) VALUES ('10567A ', (SELECT MAX(NSN_ID) FROM NSN_ON_HAND));
INSERT INTO ITEM (SERIAL_NUMBER, NSN_ID) VALUES ('21892B ', (SELECT MAX(NSN_ID) FROM NSN_ON_HAND));
INSERT INTO LINE_NUMBER (LIN, NOMENCLATURE, AUTH_DOC, AUTHORIZED, REQUIRED, DUE_IN, PBIC) VALUES ('R44999', 'RADIO SET: AN/VRC-89F(C)', '11103RFCFC', 0, 1, 0, (SELECT MAX(PBIC_ID) FROM PBIC));
INSERT INTO LINE_NUMBER (LIN, NOMENCLATURE, AUTH_DOC, AUTHORIZED, REQUIRED, DUE_IN, PBIC) VALUES ('R45463', 'RECEIVER-TRANSMITTER: RT-1523F(C)/U', 'CTA 50-909', 46, 0, 0, (SELECT MAX(PBIC_ID) FROM PBIC));
INSERT INTO NATIONAL_STOCK_NUMBER (NSN, NOMENCLATURE, UNIT_OF_ISSUE, UNIT_PRICE) VALUES ('5820015353667', 'RECEIVER-TRANSMITTER,', 'EA', 8269);
INSERT INTO NSN_ON_HAND (NSN, ON_HAND, LIN_ID) VALUES ('5820015353667', 46, (SELECT MAX(LIN_ID) FROM LINE_NUMBER));
INSERT INTO ITEM (SERIAL_NUMBER, NSN_ID) VALUES ('242949 ', (SELECT MAX(NSN_ID) FROM NSN_ON_HAND));
INSERT INTO ITEM (SERIAL_NUMBER, NSN_ID) VALUES ('242951 ', (SELECT MAX(NSN_ID) FROM NSN_ON_HAND));
INSERT INTO ITEM (SERIAL_NUMBER, NSN_ID) VALUES ('242953 ', (SELECT MAX(NSN_ID) FROM NSN_ON_HAND));
INSERT INTO ITEM (SERIAL_NUMBER, NSN_ID) VALUES ('242956 ', (SELECT MAX(NSN_ID) FROM NSN_ON_HAND));
INSERT INTO ITEM (SERIAL_NUMBER, NSN_ID) VALUES ('242957 ', (SELECT MAX(NSN_ID) FROM NSN_ON_HAND));
INSERT INTO ITEM (SERIAL_NUMBER, NSN_ID) VALUES ('242958 ', (SELECT MAX(NSN_ID) FROM NSN_ON_HAND));
INSERT INTO ITEM (SERIAL_NUMBER, NSN_ID) VALUES ('242960 ', (SELECT MAX(NSN_ID) FROM NSN_ON_HAND));
INSERT INTO ITEM (SERIAL_NUMBER, NSN_ID) VALUES ('242961 ', (SELECT MAX(NSN_ID) FROM NSN_ON_HAND));
INSERT INTO ITEM (SERIAL_NUMBER, NSN_ID) VALUES ('242963 ', (SELECT MAX(NSN_ID) FROM NSN_ON_HAND));
INSERT INTO ITEM (SERIAL_NUMBER, NSN_ID) VALUES ('242964 ', (SELECT MAX(NSN_ID) FROM NSN_ON_HAND));
INSERT INTO ITEM (SERIAL_NUMBER, NSN_ID) VALUES ('242967 ', (SELECT MAX(NSN_ID) FROM NSN_ON_HAND));
INSERT INTO ITEM (SERIAL_NUMBER, NSN_ID) VALUES ('242970 ', (SELECT MAX(NSN_ID) FROM NSN_ON_HAND));
INSERT INTO ITEM (SERIAL_NUMBER, NSN_ID) VALUES ('242975 ', (SELECT MAX(NSN_ID) FROM NSN_ON_HAND));
INSERT INTO ITEM (SERIAL_NUMBER, NSN_ID) VALUES ('242976 ', (SELECT MAX(NSN_ID) FROM NSN_ON_HAND));
INSERT INTO ITEM (SERIAL_NUMBER, NSN_ID) VALUES ('242977 ', (SELECT MAX(NSN_ID) FROM NSN_ON_HAND));
INSERT INTO ITEM (SERIAL_NUMBER, NSN_ID) VALUES ('242979 ', (SELECT MAX(NSN_ID) FROM NSN_ON_HAND));
INSERT INTO ITEM (SERIAL_NUMBER, NSN_ID) VALUES ('242980 ', (SELECT MAX(NSN_ID) FROM NSN_ON_HAND));
INSERT INTO ITEM (SERIAL_NUMBER, NSN_ID) VALUES ('242985 ', (SELECT MAX(NSN_ID) FROM NSN_ON_HAND));
INSERT INTO ITEM (SERIAL_NUMBER, NSN_ID) VALUES ('242991 ', (SELECT MAX(NSN_ID) FROM NSN_ON_HAND));
INSERT INTO ITEM (SERIAL_NUMBER, NSN_ID) VALUES ('242992 ', (SELECT MAX(NSN_ID) FROM NSN_ON_HAND));
INSERT INTO ITEM (SERIAL_NUMBER, NSN_ID) VALUES ('242998 ', (SELECT MAX(NSN_ID) FROM NSN_ON_HAND));
INSERT INTO ITEM (SERIAL_NUMBER, NSN_ID) VALUES ('242999 ', (SELECT MAX(NSN_ID) FROM NSN_ON_HAND));
INSERT INTO ITEM (SERIAL_NUMBER, NSN_ID) VALUES ('243003 ', (SELECT MAX(NSN_ID) FROM NSN_ON_HAND));
INSERT INTO ITEM (SERIAL_NUMBER, NSN_ID) VALUES ('243007 ', (SELECT MAX(NSN_ID) FROM NSN_ON_HAND));
INSERT INTO ITEM (SERIAL_NUMBER, NSN_ID) VALUES ('243008 ', (SELECT MAX(NSN_ID) FROM NSN_ON_HAND));
INSERT INTO ITEM (SERIAL_NUMBER, NSN_ID) VALUES ('243009 ', (SELECT MAX(NSN_ID) FROM NSN_ON_HAND));
INSERT INTO ITEM (SERIAL_NUMBER, NSN_ID) VALUES ('243017 ', (SELECT MAX(NSN_ID) FROM NSN_ON_HAND));
INSERT INTO ITEM (SERIAL_NUMBER, NSN_ID) VALUES ('243019 ', (SELECT MAX(NSN_ID) FROM NSN_ON_HAND));
INSERT INTO ITEM (SERIAL_NUMBER, NSN_ID) VALUES ('243025 ', (SELECT MAX(NSN_ID) FROM NSN_ON_HAND));
INSERT INTO ITEM (SERIAL_NUMBER, NSN_ID) VALUES ('243027 ', (SELECT MAX(NSN_ID) FROM NSN_ON_HAND));
INSERT INTO ITEM (SERIAL_NUMBER, NSN_ID) VALUES ('243028 ', (SELECT MAX(NSN_ID) FROM NSN_ON_HAND));
INSERT INTO ITEM (SERIAL_NUMBER, NSN_ID) VALUES ('243029 ', (SELECT MAX(NSN_ID) FROM NSN_ON_HAND));
INSERT INTO ITEM (SERIAL_NUMBER, NSN_ID) VALUES ('243037 ', (SELECT MAX(NSN_ID) FROM NSN_ON_HAND));
INSERT INTO ITEM (SERIAL_NUMBER, NSN_ID) VALUES ('243040 ', (SELECT MAX(NSN_ID) FROM NSN_ON_HAND));
INSERT INTO ITEM (SERIAL_NUMBER, NSN_ID) VALUES ('243041 ', (SELECT MAX(NSN_ID) FROM NSN_ON_HAND));
INSERT INTO ITEM (SERIAL_NUMBER, NSN_ID) VALUES ('243043 ', (SELECT MAX(NSN_ID) FROM NSN_ON_HAND));
INSERT INTO ITEM (SERIAL_NUMBER, NSN_ID) VALUES ('243044 ', (SELECT MAX(NSN_ID) FROM NSN_ON_HAND));
INSERT INTO ITEM (SERIAL_NUMBER, NSN_ID) VALUES ('243048 ', (SELECT MAX(NSN_ID) FROM NSN_ON_HAND));
INSERT INTO ITEM (SERIAL_NUMBER, NSN_ID) VALUES ('243049 ', (SELECT MAX(NSN_ID) FROM NSN_ON_HAND));
INSERT INTO ITEM (SERIAL_NUMBER, NSN_ID) VALUES ('243050 ', (SELECT MAX(NSN_ID) FROM NSN_ON_HAND));
INSERT INTO ITEM (SERIAL_NUMBER, NSN_ID) VALUES ('243051 ', (SELECT MAX(NSN_ID) FROM NSN_ON_HAND));
INSERT INTO ITEM (SERIAL_NUMBER, NSN_ID) VALUES ('243054 ', (SELECT MAX(NSN_ID) FROM NSN_ON_HAND));
INSERT INTO ITEM (SERIAL_NUMBER, NSN_ID) VALUES ('243055 ', (SELECT MAX(NSN_ID) FROM NSN_ON_HAND));
INSERT INTO ITEM (SERIAL_NUMBER, NSN_ID) VALUES ('243058 ', (SELECT MAX(NSN_ID) FROM NSN_ON_HAND));
INSERT INTO ITEM (SERIAL_NUMBER, NSN_ID) VALUES ('243061 ', (SELECT MAX(NSN_ID) FROM NSN_ON_HAND));
INSERT INTO ITEM (SERIAL_NUMBER, NSN_ID) VALUES ('243062 ', (SELECT MAX(NSN_ID) FROM NSN_ON_HAND));
INSERT INTO LINE_NUMBER (LIN, NOMENCLATURE, AUTH_DOC, AUTHORIZED, REQUIRED, DUE_IN, PBIC) VALUES ('R45516', 'RECEIVER-TRANSMITTER, RADIO: RT-1720F(C)/G', 'TM/LTR/MSG/Spec Auth', 14, 0, 0, (SELECT MAX(PBIC_ID) FROM PBIC));
INSERT INTO NATIONAL_STOCK_NUMBER (NSN, NOMENCLATURE, UNIT_OF_ISSUE, UNIT_PRICE) VALUES ('5820014907018', 'RCVER TRNSMTE: RADIO', 'EA', 27440);
INSERT INTO NSN_ON_HAND (NSN, ON_HAND, LIN_ID) VALUES ('5820014907018', 14, (SELECT MAX(LIN_ID) FROM LINE_NUMBER));
INSERT INTO ITEM (SERIAL_NUMBER, NSN_ID) VALUES ('5764C ', (SELECT MAX(NSN_ID) FROM NSN_ON_HAND));
INSERT INTO ITEM (SERIAL_NUMBER, NSN_ID) VALUES ('5799C ', (SELECT MAX(NSN_ID) FROM NSN_ON_HAND));
INSERT INTO ITEM (SERIAL_NUMBER, NSN_ID) VALUES ('5805C ', (SELECT MAX(NSN_ID) FROM NSN_ON_HAND));
INSERT INTO ITEM (SERIAL_NUMBER, NSN_ID) VALUES ('5848C ', (SELECT MAX(NSN_ID) FROM NSN_ON_HAND));
INSERT INTO ITEM (SERIAL_NUMBER, NSN_ID) VALUES ('6047C ', (SELECT MAX(NSN_ID) FROM NSN_ON_HAND));
INSERT INTO ITEM (SERIAL_NUMBER, NSN_ID) VALUES ('6149C ', (SELECT MAX(NSN_ID) FROM NSN_ON_HAND));
INSERT INTO ITEM (SERIAL_NUMBER, NSN_ID) VALUES ('6194C ', (SELECT MAX(NSN_ID) FROM NSN_ON_HAND));
INSERT INTO ITEM (SERIAL_NUMBER, NSN_ID) VALUES ('6260C ', (SELECT MAX(NSN_ID) FROM NSN_ON_HAND));
INSERT INTO ITEM (SERIAL_NUMBER, NSN_ID) VALUES ('6272C ', (SELECT MAX(NSN_ID) FROM NSN_ON_HAND));
INSERT INTO ITEM (SERIAL_NUMBER, NSN_ID) VALUES ('6569C ', (SELECT MAX(NSN_ID) FROM NSN_ON_HAND));
INSERT INTO ITEM (SERIAL_NUMBER, NSN_ID) VALUES ('6677C ', (SELECT MAX(NSN_ID) FROM NSN_ON_HAND));
INSERT INTO ITEM (SERIAL_NUMBER, NSN_ID) VALUES ('7532C ', (SELECT MAX(NSN_ID) FROM NSN_ON_HAND));
INSERT INTO ITEM (SERIAL_NUMBER, NSN_ID) VALUES ('7578C ', (SELECT MAX(NSN_ID) FROM NSN_ON_HAND));
INSERT INTO ITEM (SERIAL_NUMBER, NSN_ID) VALUES ('7951C ', (SELECT MAX(NSN_ID) FROM NSN_ON_HAND));
INSERT INTO LINE_NUMBER (LIN, NOMENCLATURE, AUTH_DOC, AUTHORIZED, REQUIRED, DUE_IN, PBIC) VALUES ('R45543', 'RADIO SET: AN/VRC-92F(C)', '11103RFCFC', 10, 12, 0, (SELECT MAX(PBIC_ID) FROM PBIC));
INSERT INTO LINE_NUMBER (LIN, NOMENCLATURE, AUTH_DOC, AUTHORIZED, REQUIRED, DUE_IN, PBIC) VALUES ('R59023', 'REELING MACHINE CABLE HAND: RL-31', 'CTA 50-909', 2, 0, 0, (SELECT MAX(PBIC_ID) FROM PBIC));
INSERT INTO NATIONAL_STOCK_NUMBER (NSN, NOMENCLATURE, UNIT_OF_ISSUE, UNIT_PRICE) VALUES ('3895002526896', 'REELING MACHINE,CAB', 'EA', 958.57);
INSERT INTO NSN_ON_HAND (NSN, ON_HAND, LIN_ID) VALUES ('3895002526896', 2, (SELECT MAX(LIN_ID) FROM LINE_NUMBER));
INSERT INTO LINE_NUMBER (LIN, NOMENCLATURE, AUTH_DOC, AUTHORIZED, REQUIRED, DUE_IN, PBIC) VALUES ('R59160', 'REELING MACHINE CABLE HAND: RL-39', 'CTA 50-909', 28, 0, 0, (SELECT MAX(PBIC_ID) FROM PBIC));
INSERT INTO NATIONAL_STOCK_NUMBER (NSN, NOMENCLATURE, UNIT_OF_ISSUE, UNIT_PRICE) VALUES ('3895004988343', 'REELING MACH CA RL-39', 'EA', 71.28);
INSERT INTO NSN_ON_HAND (NSN, ON_HAND, LIN_ID) VALUES ('3895004988343', 28, (SELECT MAX(LIN_ID) FROM LINE_NUMBER));
INSERT INTO LINE_NUMBER (LIN, NOMENCLATURE, AUTH_DOC, AUTHORIZED, REQUIRED, DUE_IN, PBIC) VALUES ('R68044', 'RADIO SET: AN/VRC-90F(C)', '11103RFCFC', 12, 20, 0, (SELECT MAX(PBIC_ID) FROM PBIC));
INSERT INTO NATIONAL_STOCK_NUMBER (NSN, NOMENCLATURE, UNIT_OF_ISSUE, UNIT_PRICE) VALUES ('5820014518246', 'RADIO SET AN/VRC-90F', 'EA', 7415);
INSERT INTO NSN_ON_HAND (NSN, ON_HAND, LIN_ID) VALUES ('5820014518246', 17, (SELECT MAX(LIN_ID) FROM LINE_NUMBER));
INSERT INTO LINE_NUMBER (LIN, NOMENCLATURE, AUTH_DOC, AUTHORIZED, REQUIRED, DUE_IN, PBIC) VALUES ('R78005', 'RADIO SET: AN/VSQ-2D(V)4', '11103RFCFC', 0, 2, 0, (SELECT MAX(PBIC_ID) FROM PBIC));
INSERT INTO LINE_NUMBER (LIN, NOMENCLATURE, AUTH_DOC, AUTHORIZED, REQUIRED, DUE_IN, PBIC) VALUES ('R87139', 'RADIO SET: AN/VRC-104(V)6 150 WATT W/ PRC-150 HF ', '11103RFCFC', 4, 6, 6, (SELECT MAX(PBIC_ID) FROM PBIC));
INSERT INTO NATIONAL_STOCK_NUMBER (NSN, NOMENCLATURE, UNIT_OF_ISSUE, UNIT_PRICE) VALUES ('5820015756358', 'RADIO SET: AN/PRC-150', 'EA', 19250);
INSERT INTO NSN_ON_HAND (NSN, ON_HAND, LIN_ID) VALUES ('5820015756358', 0, (SELECT MAX(LIN_ID) FROM LINE_NUMBER));
INSERT INTO LINE_NUMBER (LIN, NOMENCLATURE, AUTH_DOC, AUTHORIZED, REQUIRED, DUE_IN, PBIC) VALUES ('R90451', 'RADIO TERMINAL: LINE OF SIGHT MULTI CHANNEL AN/TR', '11103RFCFC', 0, 4, 0, (SELECT MAX(PBIC_ID) FROM PBIC));
INSERT INTO NATIONAL_STOCK_NUMBER (NSN, NOMENCLATURE, UNIT_OF_ISSUE, UNIT_PRICE) VALUES ('5820200029139', 'RA TE AN/TRC-190D(V)1', 'EA', 322127);
INSERT INTO NSN_ON_HAND (NSN, ON_HAND, LIN_ID) VALUES ('5820200029139', 3, (SELECT MAX(LIN_ID) FROM LINE_NUMBER));
INSERT INTO ITEM (SERIAL_NUMBER, NSN_ID) VALUES ('00895A ', (SELECT MAX(NSN_ID) FROM NSN_ON_HAND));
INSERT INTO ITEM (SERIAL_NUMBER, NSN_ID) VALUES ('180023 ', (SELECT MAX(NSN_ID) FROM NSN_ON_HAND));
INSERT INTO ITEM (SERIAL_NUMBER, NSN_ID) VALUES ('194312 ', (SELECT MAX(NSN_ID) FROM NSN_ON_HAND));
INSERT INTO LINE_NUMBER (LIN, NOMENCLATURE, AUTH_DOC, AUTHORIZED, REQUIRED, DUE_IN, PBIC) VALUES ('R90587', 'RADIO TERMINAL: LINE OF SIGHT MULTI CHANNEL AN/TR', '11103RFCFC', 0, 2, 0, (SELECT MAX(PBIC_ID) FROM PBIC));
INSERT INTO NATIONAL_STOCK_NUMBER (NSN, NOMENCLATURE, UNIT_OF_ISSUE, UNIT_PRICE) VALUES ('5820200029141', 'RA TE AN/TRC-190D(V)3', 'EA', 397740);
INSERT INTO NSN_ON_HAND (NSN, ON_HAND, LIN_ID) VALUES ('5820200029141', 2, (SELECT MAX(LIN_ID) FROM LINE_NUMBER));
INSERT INTO ITEM (SERIAL_NUMBER, NSN_ID) VALUES ('188788 ', (SELECT MAX(NSN_ID) FROM NSN_ON_HAND));
INSERT INTO LINE_NUMBER (LIN, NOMENCLATURE, AUTH_DOC, AUTHORIZED, REQUIRED, DUE_IN, PBIC) VALUES ('R91580', 'RADIO SET, GRID REFERENCE: AN/GRC-229D', '11103RFCFC', 0, 6, 3, (SELECT MAX(PBIC_ID) FROM PBIC));
INSERT INTO NATIONAL_STOCK_NUMBER (NSN, NOMENCLATURE, UNIT_OF_ISSUE, UNIT_PRICE) VALUES ('5895012795452', 'RAD TER SE AN/GRC-229', 'EA', 54158);
INSERT INTO NSN_ON_HAND (NSN, ON_HAND, LIN_ID) VALUES ('5895012795452', 0, (SELECT MAX(LIN_ID) FROM LINE_NUMBER));
INSERT INTO LINE_NUMBER (LIN, NOMENCLATURE, AUTH_DOC, AUTHORIZED, REQUIRED, DUE_IN, PBIC) VALUES ('R93169', 'RADIO TEST SET: AN/PRM-34()', 'TM/LTR/MSG/Spec Auth', 1, 0, 0, (SELECT MAX(PBIC_ID) FROM PBIC));
INSERT INTO NATIONAL_STOCK_NUMBER (NSN, NOMENCLATURE, UNIT_OF_ISSUE, UNIT_PRICE) VALUES ('6625010945646', 'RAD TS AN/PRM-34()', 'EA', 6500);
INSERT INTO NSN_ON_HAND (NSN, ON_HAND, LIN_ID) VALUES ('6625010945646', 1, (SELECT MAX(LIN_ID) FROM LINE_NUMBER));
INSERT INTO LINE_NUMBER (LIN, NOMENCLATURE, AUTH_DOC, AUTHORIZED, REQUIRED, DUE_IN, PBIC) VALUES ('R95035', 'RIFLE 5.56 MILLIMETER: M16A2', 'CTA 50-909', 12, 0, 0, (SELECT MAX(PBIC_ID) FROM PBIC));
INSERT INTO NATIONAL_STOCK_NUMBER (NSN, NOMENCLATURE, UNIT_OF_ISSUE, UNIT_PRICE) VALUES ('1005011289936', 'RIFLE 5.56MM M16A2', 'EA', 749);
INSERT INTO NSN_ON_HAND (NSN, ON_HAND, LIN_ID) VALUES ('1005011289936', 12, (SELECT MAX(LIN_ID) FROM LINE_NUMBER));
INSERT INTO ITEM (SERIAL_NUMBER, NSN_ID) VALUES ('6245781 ', (SELECT MAX(NSN_ID) FROM NSN_ON_HAND));
INSERT INTO ITEM (SERIAL_NUMBER, NSN_ID) VALUES ('6266607 ', (SELECT MAX(NSN_ID) FROM NSN_ON_HAND));
INSERT INTO ITEM (SERIAL_NUMBER, NSN_ID) VALUES ('6267572 ', (SELECT MAX(NSN_ID) FROM NSN_ON_HAND));
INSERT INTO ITEM (SERIAL_NUMBER, NSN_ID) VALUES ('6267574 ', (SELECT MAX(NSN_ID) FROM NSN_ON_HAND));
INSERT INTO ITEM (SERIAL_NUMBER, NSN_ID) VALUES ('6268111 ', (SELECT MAX(NSN_ID) FROM NSN_ON_HAND));
INSERT INTO ITEM (SERIAL_NUMBER, NSN_ID) VALUES ('6268263 ', (SELECT MAX(NSN_ID) FROM NSN_ON_HAND));
INSERT INTO ITEM (SERIAL_NUMBER, NSN_ID) VALUES ('6268652 ', (SELECT MAX(NSN_ID) FROM NSN_ON_HAND));
INSERT INTO ITEM (SERIAL_NUMBER, NSN_ID) VALUES ('6275902 ', (SELECT MAX(NSN_ID) FROM NSN_ON_HAND));
INSERT INTO ITEM (SERIAL_NUMBER, NSN_ID) VALUES ('6398987 ', (SELECT MAX(NSN_ID) FROM NSN_ON_HAND));
INSERT INTO ITEM (SERIAL_NUMBER, NSN_ID) VALUES ('6402852 ', (SELECT MAX(NSN_ID) FROM NSN_ON_HAND));
INSERT INTO ITEM (SERIAL_NUMBER, NSN_ID) VALUES ('6410687 ', (SELECT MAX(NSN_ID) FROM NSN_ON_HAND));
INSERT INTO ITEM (SERIAL_NUMBER, NSN_ID) VALUES ('6411603 ', (SELECT MAX(NSN_ID) FROM NSN_ON_HAND));
INSERT INTO LINE_NUMBER (LIN, NOMENCLATURE, AUTH_DOC, AUTHORIZED, REQUIRED, DUE_IN, PBIC) VALUES ('R97234', 'RIFLE 5 56 MILLIMETER: M4', '11103RFCFC', 34, 50, 0, (SELECT MAX(PBIC_ID) FROM PBIC));
INSERT INTO NATIONAL_STOCK_NUMBER (NSN, NOMENCLATURE, UNIT_OF_ISSUE, UNIT_PRICE) VALUES ('1005012310973', 'RIFLE 5.56 MM M4', 'EA', 1214);
INSERT INTO NSN_ON_HAND (NSN, ON_HAND, LIN_ID) VALUES ('1005012310973', 41, (SELECT MAX(LIN_ID) FROM LINE_NUMBER));
INSERT INTO ITEM (SERIAL_NUMBER, NSN_ID) VALUES ('W002542 ', (SELECT MAX(NSN_ID) FROM NSN_ON_HAND));
INSERT INTO ITEM (SERIAL_NUMBER, NSN_ID) VALUES ('W002775 ', (SELECT MAX(NSN_ID) FROM NSN_ON_HAND));
INSERT INTO ITEM (SERIAL_NUMBER, NSN_ID) VALUES ('W005793 ', (SELECT MAX(NSN_ID) FROM NSN_ON_HAND));
INSERT INTO ITEM (SERIAL_NUMBER, NSN_ID) VALUES ('W006027 ', (SELECT MAX(NSN_ID) FROM NSN_ON_HAND));
INSERT INTO ITEM (SERIAL_NUMBER, NSN_ID) VALUES ('W066921 ', (SELECT MAX(NSN_ID) FROM NSN_ON_HAND));
INSERT INTO ITEM (SERIAL_NUMBER, NSN_ID) VALUES ('W067174 ', (SELECT MAX(NSN_ID) FROM NSN_ON_HAND));
INSERT INTO ITEM (SERIAL_NUMBER, NSN_ID) VALUES ('W208151 ', (SELECT MAX(NSN_ID) FROM NSN_ON_HAND));
INSERT INTO ITEM (SERIAL_NUMBER, NSN_ID) VALUES ('W248460 ', (SELECT MAX(NSN_ID) FROM NSN_ON_HAND));
INSERT INTO ITEM (SERIAL_NUMBER, NSN_ID) VALUES ('W248768 ', (SELECT MAX(NSN_ID) FROM NSN_ON_HAND));
INSERT INTO ITEM (SERIAL_NUMBER, NSN_ID) VALUES ('W250101 ', (SELECT MAX(NSN_ID) FROM NSN_ON_HAND));
INSERT INTO ITEM (SERIAL_NUMBER, NSN_ID) VALUES ('W250122 ', (SELECT MAX(NSN_ID) FROM NSN_ON_HAND));
INSERT INTO ITEM (SERIAL_NUMBER, NSN_ID) VALUES ('W250142 ', (SELECT MAX(NSN_ID) FROM NSN_ON_HAND));
INSERT INTO ITEM (SERIAL_NUMBER, NSN_ID) VALUES ('W250185 ', (SELECT MAX(NSN_ID) FROM NSN_ON_HAND));
INSERT INTO ITEM (SERIAL_NUMBER, NSN_ID) VALUES ('W250305 ', (SELECT MAX(NSN_ID) FROM NSN_ON_HAND));
INSERT INTO ITEM (SERIAL_NUMBER, NSN_ID) VALUES ('W250535 ', (SELECT MAX(NSN_ID) FROM NSN_ON_HAND));
INSERT INTO ITEM (SERIAL_NUMBER, NSN_ID) VALUES ('W250540 ', (SELECT MAX(NSN_ID) FROM NSN_ON_HAND));
INSERT INTO ITEM (SERIAL_NUMBER, NSN_ID) VALUES ('W250550 ', (SELECT MAX(NSN_ID) FROM NSN_ON_HAND));
INSERT INTO ITEM (SERIAL_NUMBER, NSN_ID) VALUES ('W250563 ', (SELECT MAX(NSN_ID) FROM NSN_ON_HAND));
INSERT INTO ITEM (SERIAL_NUMBER, NSN_ID) VALUES ('W250581 ', (SELECT MAX(NSN_ID) FROM NSN_ON_HAND));
INSERT INTO ITEM (SERIAL_NUMBER, NSN_ID) VALUES ('W250585 ', (SELECT MAX(NSN_ID) FROM NSN_ON_HAND));
INSERT INTO ITEM (SERIAL_NUMBER, NSN_ID) VALUES ('W250618 ', (SELECT MAX(NSN_ID) FROM NSN_ON_HAND));
INSERT INTO ITEM (SERIAL_NUMBER, NSN_ID) VALUES ('W250642 ', (SELECT MAX(NSN_ID) FROM NSN_ON_HAND));
INSERT INTO ITEM (SERIAL_NUMBER, NSN_ID) VALUES ('W250643 ', (SELECT MAX(NSN_ID) FROM NSN_ON_HAND));
INSERT INTO ITEM (SERIAL_NUMBER, NSN_ID) VALUES ('W250646 ', (SELECT MAX(NSN_ID) FROM NSN_ON_HAND));
INSERT INTO ITEM (SERIAL_NUMBER, NSN_ID) VALUES ('W250649 ', (SELECT MAX(NSN_ID) FROM NSN_ON_HAND));
INSERT INTO ITEM (SERIAL_NUMBER, NSN_ID) VALUES ('W250658 ', (SELECT MAX(NSN_ID) FROM NSN_ON_HAND));
INSERT INTO ITEM (SERIAL_NUMBER, NSN_ID) VALUES ('W250660 ', (SELECT MAX(NSN_ID) FROM NSN_ON_HAND));
INSERT INTO ITEM (SERIAL_NUMBER, NSN_ID) VALUES ('W250665 ', (SELECT MAX(NSN_ID) FROM NSN_ON_HAND));
INSERT INTO ITEM (SERIAL_NUMBER, NSN_ID) VALUES ('W250698 ', (SELECT MAX(NSN_ID) FROM NSN_ON_HAND));
INSERT INTO ITEM (SERIAL_NUMBER, NSN_ID) VALUES ('W250726 ', (SELECT MAX(NSN_ID) FROM NSN_ON_HAND));
INSERT INTO ITEM (SERIAL_NUMBER, NSN_ID) VALUES ('W250727 ', (SELECT MAX(NSN_ID) FROM NSN_ON_HAND));
INSERT INTO ITEM (SERIAL_NUMBER, NSN_ID) VALUES ('W251049 ', (SELECT MAX(NSN_ID) FROM NSN_ON_HAND));
INSERT INTO ITEM (SERIAL_NUMBER, NSN_ID) VALUES ('W251091 ', (SELECT MAX(NSN_ID) FROM NSN_ON_HAND));
INSERT INTO ITEM (SERIAL_NUMBER, NSN_ID) VALUES ('W251254 ', (SELECT MAX(NSN_ID) FROM NSN_ON_HAND));
INSERT INTO ITEM (SERIAL_NUMBER, NSN_ID) VALUES ('W251264 ', (SELECT MAX(NSN_ID) FROM NSN_ON_HAND));
INSERT INTO ITEM (SERIAL_NUMBER, NSN_ID) VALUES ('W251266 ', (SELECT MAX(NSN_ID) FROM NSN_ON_HAND));
INSERT INTO ITEM (SERIAL_NUMBER, NSN_ID) VALUES ('W251452 ', (SELECT MAX(NSN_ID) FROM NSN_ON_HAND));
INSERT INTO ITEM (SERIAL_NUMBER, NSN_ID) VALUES ('W251454 ', (SELECT MAX(NSN_ID) FROM NSN_ON_HAND));
INSERT INTO ITEM (SERIAL_NUMBER, NSN_ID) VALUES ('W251479 ', (SELECT MAX(NSN_ID) FROM NSN_ON_HAND));
INSERT INTO ITEM (SERIAL_NUMBER, NSN_ID) VALUES ('W251493 ', (SELECT MAX(NSN_ID) FROM NSN_ON_HAND));
INSERT INTO ITEM (SERIAL_NUMBER, NSN_ID) VALUES ('W251618 ', (SELECT MAX(NSN_ID) FROM NSN_ON_HAND));
INSERT INTO NATIONAL_STOCK_NUMBER (NSN, NOMENCLATURE, UNIT_OF_ISSUE, UNIT_PRICE) VALUES ('1005011289936', 'RIFLE 5.56MM M16A2', 'EA', 749);
INSERT INTO NSN_ON_HAND (NSN, ON_HAND, LIN_ID) VALUES ('1005011289936', 6, (SELECT MAX(LIN_ID) FROM LINE_NUMBER));
INSERT INTO ITEM (SERIAL_NUMBER, NSN_ID) VALUES ('6235600 ', (SELECT MAX(NSN_ID) FROM NSN_ON_HAND));
INSERT INTO ITEM (SERIAL_NUMBER, NSN_ID) VALUES ('6247325 ', (SELECT MAX(NSN_ID) FROM NSN_ON_HAND));
INSERT INTO ITEM (SERIAL_NUMBER, NSN_ID) VALUES ('6250612 ', (SELECT MAX(NSN_ID) FROM NSN_ON_HAND));
INSERT INTO ITEM (SERIAL_NUMBER, NSN_ID) VALUES ('6269654 ', (SELECT MAX(NSN_ID) FROM NSN_ON_HAND));
INSERT INTO ITEM (SERIAL_NUMBER, NSN_ID) VALUES ('6277193 ', (SELECT MAX(NSN_ID) FROM NSN_ON_HAND));
INSERT INTO ITEM (SERIAL_NUMBER, NSN_ID) VALUES ('6416139 ', (SELECT MAX(NSN_ID) FROM NSN_ON_HAND));
INSERT INTO LINE_NUMBER (LIN, NOMENCLATURE, AUTH_DOC, AUTHORIZED, REQUIRED, DUE_IN, PBIC) VALUES ('S01373', 'SPEECH SECURITY EQUIPMENT: TSEC/KY-57', '11103RFCFC', 0, 6, 0, (SELECT MAX(PBIC_ID) FROM PBIC));
INSERT INTO NATIONAL_STOCK_NUMBER (NSN, NOMENCLATURE, UNIT_OF_ISSUE, UNIT_PRICE) VALUES ('5810004343644', 'SPCH SEC EQ TSEC/KY57', 'EA', 1929.81);
INSERT INTO NSN_ON_HAND (NSN, ON_HAND, LIN_ID) VALUES ('5810004343644', 3, (SELECT MAX(LIN_ID) FROM LINE_NUMBER));
INSERT INTO ITEM (SERIAL_NUMBER, NSN_ID) VALUES ('37587 ', (SELECT MAX(NSN_ID) FROM NSN_ON_HAND));
INSERT INTO ITEM (SERIAL_NUMBER, NSN_ID) VALUES ('74602 ', (SELECT MAX(NSN_ID) FROM NSN_ON_HAND));
INSERT INTO ITEM (SERIAL_NUMBER, NSN_ID) VALUES ('81769 ', (SELECT MAX(NSN_ID) FROM NSN_ON_HAND));
INSERT INTO LINE_NUMBER (LIN, NOMENCLATURE, AUTH_DOC, AUTHORIZED, REQUIRED, DUE_IN, PBIC) VALUES ('S05011', 'SATELLITE COMMUNICATION SUBSYSTEM:', 'CTA 50-909', 2, 0, 0, (SELECT MAX(PBIC_ID) FROM PBIC));
INSERT INTO NATIONAL_STOCK_NUMBER (NSN, NOMENCLATURE, UNIT_OF_ISSUE, UNIT_PRICE) VALUES ('5895015639077', 'SATELLITE COMMUNICA', 'EA', 382349);
INSERT INTO NSN_ON_HAND (NSN, ON_HAND, LIN_ID) VALUES ('5895015639077', 2, (SELECT MAX(LIN_ID) FROM LINE_NUMBER));
INSERT INTO ITEM (SERIAL_NUMBER, NSN_ID) VALUES ('117/PF00YV', (SELECT MAX(NSN_ID) FROM NSN_ON_HAND));
INSERT INTO ITEM (SERIAL_NUMBER, NSN_ID) VALUES ('47/PF00YW', (SELECT MAX(NSN_ID) FROM NSN_ON_HAND));
INSERT INTO LINE_NUMBER (LIN, NOMENCLATURE, AUTH_DOC, AUTHORIZED, REQUIRED, DUE_IN, PBIC) VALUES ('S05012', 'SATELLITE COMMUNICATION: SUBSYSTEM', 'CTA 50-909', 1, 0, 0, (SELECT MAX(PBIC_ID) FROM PBIC));
INSERT INTO NATIONAL_STOCK_NUMBER (NSN, NOMENCLATURE, UNIT_OF_ISSUE, UNIT_PRICE) VALUES ('5895015639056', 'SATELLITE COMMUNICA', 'EA', 354108);
INSERT INTO NSN_ON_HAND (NSN, ON_HAND, LIN_ID) VALUES ('5895015639056', 1, (SELECT MAX(LIN_ID) FROM LINE_NUMBER));
INSERT INTO ITEM (SERIAL_NUMBER, NSN_ID) VALUES ('126/PF00YT', (SELECT MAX(NSN_ID) FROM NSN_ON_HAND));
INSERT INTO LINE_NUMBER (LIN, NOMENCLATURE, AUTH_DOC, AUTHORIZED, REQUIRED, DUE_IN, PBIC) VALUES ('S05013', 'SATELLITE COMMUNICATION SUBSYSTEM: AN/TSC-185(V)3', '11103RFCFC', 3, 0, 0, (SELECT MAX(PBIC_ID) FROM PBIC));
INSERT INTO LINE_NUMBER (LIN, NOMENCLATURE, AUTH_DOC, AUTHORIZED, REQUIRED, DUE_IN, PBIC) VALUES ('S24749', 'SWITCHING GROUP: DIGITAL DATA OA-9511/TYQ', '11103RFCFC', 0, 2, 0, (SELECT MAX(PBIC_ID) FROM PBIC));
INSERT INTO NATIONAL_STOCK_NUMBER (NSN, NOMENCLATURE, UNIT_OF_ISSUE, UNIT_PRICE) VALUES ('5895015717288', 'SC GP DG: OA-9511/TYQ', 'EA', 117071);
INSERT INTO NSN_ON_HAND (NSN, ON_HAND, LIN_ID) VALUES ('5895015717288', 2, (SELECT MAX(LIN_ID) FROM LINE_NUMBER));
INSERT INTO ITEM (SERIAL_NUMBER, NSN_ID) VALUES ('13483 ', (SELECT MAX(NSN_ID) FROM NSN_ON_HAND));
INSERT INTO ITEM (SERIAL_NUMBER, NSN_ID) VALUES ('3696 ', (SELECT MAX(NSN_ID) FROM NSN_ON_HAND));
INSERT INTO LINE_NUMBER (LIN, NOMENCLATURE, AUTH_DOC, AUTHORIZED, REQUIRED, DUE_IN, PBIC) VALUES ('S45729', 'SIGHT BORE OPTICAL: M150', '11103RFCFC', 6, 60, 0, (SELECT MAX(PBIC_ID) FROM PBIC));
INSERT INTO NATIONAL_STOCK_NUMBER (NSN, NOMENCLATURE, UNIT_OF_ISSUE, UNIT_PRICE) VALUES ('1240015571897', 'SIGHT BORE OPT M150', 'EA', 1243);
INSERT INTO NSN_ON_HAND (NSN, ON_HAND, LIN_ID) VALUES ('1240015571897', 1, (SELECT MAX(LIN_ID) FROM LINE_NUMBER));
INSERT INTO ITEM (SERIAL_NUMBER, NSN_ID) VALUES ('529186 ', (SELECT MAX(NSN_ID) FROM NSN_ON_HAND));
INSERT INTO LINE_NUMBER (LIN, NOMENCLATURE, AUTH_DOC, AUTHORIZED, REQUIRED, DUE_IN, PBIC) VALUES ('S60288', 'SIGHT: REFLEX COLLIMATOR', '11103RFCFC', 3, 0, 0, (SELECT MAX(PBIC_ID) FROM PBIC));
INSERT INTO NATIONAL_STOCK_NUMBER (NSN, NOMENCLATURE, UNIT_OF_ISSUE, UNIT_PRICE) VALUES ('1240014111265', 'SIGHT REFLEX COLLIM', 'EA', 340);
INSERT INTO NSN_ON_HAND (NSN, ON_HAND, LIN_ID) VALUES ('1240014111265', 114, (SELECT MAX(LIN_ID) FROM LINE_NUMBER));
INSERT INTO ITEM (SERIAL_NUMBER, NSN_ID) VALUES ('013375 ', (SELECT MAX(NSN_ID) FROM NSN_ON_HAND));
INSERT INTO ITEM (SERIAL_NUMBER, NSN_ID) VALUES ('013556 ', (SELECT MAX(NSN_ID) FROM NSN_ON_HAND));
INSERT INTO ITEM (SERIAL_NUMBER, NSN_ID) VALUES ('013561 ', (SELECT MAX(NSN_ID) FROM NSN_ON_HAND));
INSERT INTO ITEM (SERIAL_NUMBER, NSN_ID) VALUES ('013877 ', (SELECT MAX(NSN_ID) FROM NSN_ON_HAND));
INSERT INTO ITEM (SERIAL_NUMBER, NSN_ID) VALUES ('016454 ', (SELECT MAX(NSN_ID) FROM NSN_ON_HAND));
INSERT INTO ITEM (SERIAL_NUMBER, NSN_ID) VALUES ('040476 ', (SELECT MAX(NSN_ID) FROM NSN_ON_HAND));
INSERT INTO ITEM (SERIAL_NUMBER, NSN_ID) VALUES ('040479 ', (SELECT MAX(NSN_ID) FROM NSN_ON_HAND));
INSERT INTO ITEM (SERIAL_NUMBER, NSN_ID) VALUES ('075060 ', (SELECT MAX(NSN_ID) FROM NSN_ON_HAND));
INSERT INTO ITEM (SERIAL_NUMBER, NSN_ID) VALUES ('075240 ', (SELECT MAX(NSN_ID) FROM NSN_ON_HAND));
INSERT INTO ITEM (SERIAL_NUMBER, NSN_ID) VALUES ('077903 ', (SELECT MAX(NSN_ID) FROM NSN_ON_HAND));
INSERT INTO ITEM (SERIAL_NUMBER, NSN_ID) VALUES ('077990 ', (SELECT MAX(NSN_ID) FROM NSN_ON_HAND));
INSERT INTO ITEM (SERIAL_NUMBER, NSN_ID) VALUES ('079530 ', (SELECT MAX(NSN_ID) FROM NSN_ON_HAND));
INSERT INTO ITEM (SERIAL_NUMBER, NSN_ID) VALUES ('080045 ', (SELECT MAX(NSN_ID) FROM NSN_ON_HAND));
INSERT INTO ITEM (SERIAL_NUMBER, NSN_ID) VALUES ('088665 ', (SELECT MAX(NSN_ID) FROM NSN_ON_HAND));
INSERT INTO ITEM (SERIAL_NUMBER, NSN_ID) VALUES ('088676 ', (SELECT MAX(NSN_ID) FROM NSN_ON_HAND));
INSERT INTO ITEM (SERIAL_NUMBER, NSN_ID) VALUES ('099135 ', (SELECT MAX(NSN_ID) FROM NSN_ON_HAND));
INSERT INTO ITEM (SERIAL_NUMBER, NSN_ID) VALUES ('108995 ', (SELECT MAX(NSN_ID) FROM NSN_ON_HAND));
INSERT INTO ITEM (SERIAL_NUMBER, NSN_ID) VALUES ('109176 ', (SELECT MAX(NSN_ID) FROM NSN_ON_HAND));
INSERT INTO ITEM (SERIAL_NUMBER, NSN_ID) VALUES ('110352 ', (SELECT MAX(NSN_ID) FROM NSN_ON_HAND));
INSERT INTO ITEM (SERIAL_NUMBER, NSN_ID) VALUES ('116144 ', (SELECT MAX(NSN_ID) FROM NSN_ON_HAND));
INSERT INTO ITEM (SERIAL_NUMBER, NSN_ID) VALUES ('116153 ', (SELECT MAX(NSN_ID) FROM NSN_ON_HAND));
INSERT INTO ITEM (SERIAL_NUMBER, NSN_ID) VALUES ('116185 ', (SELECT MAX(NSN_ID) FROM NSN_ON_HAND));
INSERT INTO ITEM (SERIAL_NUMBER, NSN_ID) VALUES ('116235 ', (SELECT MAX(NSN_ID) FROM NSN_ON_HAND));
INSERT INTO ITEM (SERIAL_NUMBER, NSN_ID) VALUES ('116253 ', (SELECT MAX(NSN_ID) FROM NSN_ON_HAND));
INSERT INTO ITEM (SERIAL_NUMBER, NSN_ID) VALUES ('116269 ', (SELECT MAX(NSN_ID) FROM NSN_ON_HAND));
INSERT INTO ITEM (SERIAL_NUMBER, NSN_ID) VALUES ('116324 ', (SELECT MAX(NSN_ID) FROM NSN_ON_HAND));
INSERT INTO ITEM (SERIAL_NUMBER, NSN_ID) VALUES ('117553 ', (SELECT MAX(NSN_ID) FROM NSN_ON_HAND));
INSERT INTO ITEM (SERIAL_NUMBER, NSN_ID) VALUES ('2537677 ', (SELECT MAX(NSN_ID) FROM NSN_ON_HAND));
INSERT INTO ITEM (SERIAL_NUMBER, NSN_ID) VALUES ('2537679 ', (SELECT MAX(NSN_ID) FROM NSN_ON_HAND));
INSERT INTO ITEM (SERIAL_NUMBER, NSN_ID) VALUES ('2537681 ', (SELECT MAX(NSN_ID) FROM NSN_ON_HAND));
INSERT INTO ITEM (SERIAL_NUMBER, NSN_ID) VALUES ('2537682 ', (SELECT MAX(NSN_ID) FROM NSN_ON_HAND));
INSERT INTO ITEM (SERIAL_NUMBER, NSN_ID) VALUES ('2537683 ', (SELECT MAX(NSN_ID) FROM NSN_ON_HAND));
INSERT INTO ITEM (SERIAL_NUMBER, NSN_ID) VALUES ('2537684 ', (SELECT MAX(NSN_ID) FROM NSN_ON_HAND));
INSERT INTO ITEM (SERIAL_NUMBER, NSN_ID) VALUES ('2537685 ', (SELECT MAX(NSN_ID) FROM NSN_ON_HAND));
INSERT INTO ITEM (SERIAL_NUMBER, NSN_ID) VALUES ('2537686 ', (SELECT MAX(NSN_ID) FROM NSN_ON_HAND));
INSERT INTO ITEM (SERIAL_NUMBER, NSN_ID) VALUES ('2537690 ', (SELECT MAX(NSN_ID) FROM NSN_ON_HAND));
INSERT INTO ITEM (SERIAL_NUMBER, NSN_ID) VALUES ('2537698 ', (SELECT MAX(NSN_ID) FROM NSN_ON_HAND));
INSERT INTO ITEM (SERIAL_NUMBER, NSN_ID) VALUES ('2537699 ', (SELECT MAX(NSN_ID) FROM NSN_ON_HAND));
INSERT INTO ITEM (SERIAL_NUMBER, NSN_ID) VALUES ('2537715 ', (SELECT MAX(NSN_ID) FROM NSN_ON_HAND));
INSERT INTO ITEM (SERIAL_NUMBER, NSN_ID) VALUES ('2537717 ', (SELECT MAX(NSN_ID) FROM NSN_ON_HAND));
INSERT INTO ITEM (SERIAL_NUMBER, NSN_ID) VALUES ('2537719 ', (SELECT MAX(NSN_ID) FROM NSN_ON_HAND));
INSERT INTO ITEM (SERIAL_NUMBER, NSN_ID) VALUES ('2537720 ', (SELECT MAX(NSN_ID) FROM NSN_ON_HAND));
INSERT INTO ITEM (SERIAL_NUMBER, NSN_ID) VALUES ('2537723 ', (SELECT MAX(NSN_ID) FROM NSN_ON_HAND));
INSERT INTO ITEM (SERIAL_NUMBER, NSN_ID) VALUES ('2537726 ', (SELECT MAX(NSN_ID) FROM NSN_ON_HAND));
INSERT INTO ITEM (SERIAL_NUMBER, NSN_ID) VALUES ('2537752 ', (SELECT MAX(NSN_ID) FROM NSN_ON_HAND));
INSERT INTO ITEM (SERIAL_NUMBER, NSN_ID) VALUES ('2537762 ', (SELECT MAX(NSN_ID) FROM NSN_ON_HAND));
INSERT INTO ITEM (SERIAL_NUMBER, NSN_ID) VALUES ('2537765 ', (SELECT MAX(NSN_ID) FROM NSN_ON_HAND));
INSERT INTO ITEM (SERIAL_NUMBER, NSN_ID) VALUES ('2537802 ', (SELECT MAX(NSN_ID) FROM NSN_ON_HAND));
INSERT INTO ITEM (SERIAL_NUMBER, NSN_ID) VALUES ('2537806 ', (SELECT MAX(NSN_ID) FROM NSN_ON_HAND));
INSERT INTO ITEM (SERIAL_NUMBER, NSN_ID) VALUES ('2537808 ', (SELECT MAX(NSN_ID) FROM NSN_ON_HAND));
INSERT INTO ITEM (SERIAL_NUMBER, NSN_ID) VALUES ('2537814 ', (SELECT MAX(NSN_ID) FROM NSN_ON_HAND));
INSERT INTO ITEM (SERIAL_NUMBER, NSN_ID) VALUES ('2537824 ', (SELECT MAX(NSN_ID) FROM NSN_ON_HAND));
INSERT INTO ITEM (SERIAL_NUMBER, NSN_ID) VALUES ('2537839 ', (SELECT MAX(NSN_ID) FROM NSN_ON_HAND));
INSERT INTO ITEM (SERIAL_NUMBER, NSN_ID) VALUES ('2537850 ', (SELECT MAX(NSN_ID) FROM NSN_ON_HAND));
INSERT INTO ITEM (SERIAL_NUMBER, NSN_ID) VALUES ('2537877 ', (SELECT MAX(NSN_ID) FROM NSN_ON_HAND));
INSERT INTO ITEM (SERIAL_NUMBER, NSN_ID) VALUES ('2537880 ', (SELECT MAX(NSN_ID) FROM NSN_ON_HAND));
INSERT INTO ITEM (SERIAL_NUMBER, NSN_ID) VALUES ('2537890 ', (SELECT MAX(NSN_ID) FROM NSN_ON_HAND));
INSERT INTO ITEM (SERIAL_NUMBER, NSN_ID) VALUES ('2537897 ', (SELECT MAX(NSN_ID) FROM NSN_ON_HAND));
INSERT INTO ITEM (SERIAL_NUMBER, NSN_ID) VALUES ('2538636 ', (SELECT MAX(NSN_ID) FROM NSN_ON_HAND));
INSERT INTO ITEM (SERIAL_NUMBER, NSN_ID) VALUES ('2538729 ', (SELECT MAX(NSN_ID) FROM NSN_ON_HAND));
INSERT INTO ITEM (SERIAL_NUMBER, NSN_ID) VALUES ('2538731 ', (SELECT MAX(NSN_ID) FROM NSN_ON_HAND));
INSERT INTO ITEM (SERIAL_NUMBER, NSN_ID) VALUES ('2538752 ', (SELECT MAX(NSN_ID) FROM NSN_ON_HAND));
INSERT INTO ITEM (SERIAL_NUMBER, NSN_ID) VALUES ('859784 ', (SELECT MAX(NSN_ID) FROM NSN_ON_HAND));
INSERT INTO ITEM (SERIAL_NUMBER, NSN_ID) VALUES ('859788 ', (SELECT MAX(NSN_ID) FROM NSN_ON_HAND));
INSERT INTO ITEM (SERIAL_NUMBER, NSN_ID) VALUES ('859792 ', (SELECT MAX(NSN_ID) FROM NSN_ON_HAND));
INSERT INTO ITEM (SERIAL_NUMBER, NSN_ID) VALUES ('859799 ', (SELECT MAX(NSN_ID) FROM NSN_ON_HAND));
INSERT INTO ITEM (SERIAL_NUMBER, NSN_ID) VALUES ('859808 ', (SELECT MAX(NSN_ID) FROM NSN_ON_HAND));
INSERT INTO ITEM (SERIAL_NUMBER, NSN_ID) VALUES ('859812 ', (SELECT MAX(NSN_ID) FROM NSN_ON_HAND));
INSERT INTO ITEM (SERIAL_NUMBER, NSN_ID) VALUES ('859818 ', (SELECT MAX(NSN_ID) FROM NSN_ON_HAND));
INSERT INTO ITEM (SERIAL_NUMBER, NSN_ID) VALUES ('859822 ', (SELECT MAX(NSN_ID) FROM NSN_ON_HAND));
INSERT INTO ITEM (SERIAL_NUMBER, NSN_ID) VALUES ('860145 ', (SELECT MAX(NSN_ID) FROM NSN_ON_HAND));
INSERT INTO ITEM (SERIAL_NUMBER, NSN_ID) VALUES ('860148 ', (SELECT MAX(NSN_ID) FROM NSN_ON_HAND));
INSERT INTO ITEM (SERIAL_NUMBER, NSN_ID) VALUES ('860150 ', (SELECT MAX(NSN_ID) FROM NSN_ON_HAND));
INSERT INTO ITEM (SERIAL_NUMBER, NSN_ID) VALUES ('860155 ', (SELECT MAX(NSN_ID) FROM NSN_ON_HAND));
INSERT INTO ITEM (SERIAL_NUMBER, NSN_ID) VALUES ('860156 ', (SELECT MAX(NSN_ID) FROM NSN_ON_HAND));
INSERT INTO ITEM (SERIAL_NUMBER, NSN_ID) VALUES ('860157 ', (SELECT MAX(NSN_ID) FROM NSN_ON_HAND));
INSERT INTO ITEM (SERIAL_NUMBER, NSN_ID) VALUES ('860163 ', (SELECT MAX(NSN_ID) FROM NSN_ON_HAND));
INSERT INTO ITEM (SERIAL_NUMBER, NSN_ID) VALUES ('860164 ', (SELECT MAX(NSN_ID) FROM NSN_ON_HAND));
INSERT INTO ITEM (SERIAL_NUMBER, NSN_ID) VALUES ('860165 ', (SELECT MAX(NSN_ID) FROM NSN_ON_HAND));
INSERT INTO ITEM (SERIAL_NUMBER, NSN_ID) VALUES ('860166 ', (SELECT MAX(NSN_ID) FROM NSN_ON_HAND));
INSERT INTO ITEM (SERIAL_NUMBER, NSN_ID) VALUES ('860175 ', (SELECT MAX(NSN_ID) FROM NSN_ON_HAND));
INSERT INTO ITEM (SERIAL_NUMBER, NSN_ID) VALUES ('860177 ', (SELECT MAX(NSN_ID) FROM NSN_ON_HAND));
INSERT INTO ITEM (SERIAL_NUMBER, NSN_ID) VALUES ('860179 ', (SELECT MAX(NSN_ID) FROM NSN_ON_HAND));
INSERT INTO ITEM (SERIAL_NUMBER, NSN_ID) VALUES ('860348 ', (SELECT MAX(NSN_ID) FROM NSN_ON_HAND));
INSERT INTO ITEM (SERIAL_NUMBER, NSN_ID) VALUES ('860349 ', (SELECT MAX(NSN_ID) FROM NSN_ON_HAND));
INSERT INTO ITEM (SERIAL_NUMBER, NSN_ID) VALUES ('860351 ', (SELECT MAX(NSN_ID) FROM NSN_ON_HAND));
INSERT INTO ITEM (SERIAL_NUMBER, NSN_ID) VALUES ('860353 ', (SELECT MAX(NSN_ID) FROM NSN_ON_HAND));
INSERT INTO ITEM (SERIAL_NUMBER, NSN_ID) VALUES ('860356 ', (SELECT MAX(NSN_ID) FROM NSN_ON_HAND));
INSERT INTO ITEM (SERIAL_NUMBER, NSN_ID) VALUES ('860361 ', (SELECT MAX(NSN_ID) FROM NSN_ON_HAND));
INSERT INTO ITEM (SERIAL_NUMBER, NSN_ID) VALUES ('860363 ', (SELECT MAX(NSN_ID) FROM NSN_ON_HAND));
INSERT INTO ITEM (SERIAL_NUMBER, NSN_ID) VALUES ('860364 ', (SELECT MAX(NSN_ID) FROM NSN_ON_HAND));
INSERT INTO ITEM (SERIAL_NUMBER, NSN_ID) VALUES ('860366 ', (SELECT MAX(NSN_ID) FROM NSN_ON_HAND));
INSERT INTO ITEM (SERIAL_NUMBER, NSN_ID) VALUES ('860367 ', (SELECT MAX(NSN_ID) FROM NSN_ON_HAND));
INSERT INTO ITEM (SERIAL_NUMBER, NSN_ID) VALUES ('860368 ', (SELECT MAX(NSN_ID) FROM NSN_ON_HAND));
INSERT INTO ITEM (SERIAL_NUMBER, NSN_ID) VALUES ('860371 ', (SELECT MAX(NSN_ID) FROM NSN_ON_HAND));
INSERT INTO ITEM (SERIAL_NUMBER, NSN_ID) VALUES ('860372 ', (SELECT MAX(NSN_ID) FROM NSN_ON_HAND));
INSERT INTO ITEM (SERIAL_NUMBER, NSN_ID) VALUES ('860373 ', (SELECT MAX(NSN_ID) FROM NSN_ON_HAND));
INSERT INTO ITEM (SERIAL_NUMBER, NSN_ID) VALUES ('860375 ', (SELECT MAX(NSN_ID) FROM NSN_ON_HAND));
INSERT INTO ITEM (SERIAL_NUMBER, NSN_ID) VALUES ('860380 ', (SELECT MAX(NSN_ID) FROM NSN_ON_HAND));
INSERT INTO ITEM (SERIAL_NUMBER, NSN_ID) VALUES ('860381 ', (SELECT MAX(NSN_ID) FROM NSN_ON_HAND));
INSERT INTO ITEM (SERIAL_NUMBER, NSN_ID) VALUES ('860386 ', (SELECT MAX(NSN_ID) FROM NSN_ON_HAND));
INSERT INTO ITEM (SERIAL_NUMBER, NSN_ID) VALUES ('860387 ', (SELECT MAX(NSN_ID) FROM NSN_ON_HAND));
INSERT INTO ITEM (SERIAL_NUMBER, NSN_ID) VALUES ('860397 ', (SELECT MAX(NSN_ID) FROM NSN_ON_HAND));
INSERT INTO ITEM (SERIAL_NUMBER, NSN_ID) VALUES ('860403 ', (SELECT MAX(NSN_ID) FROM NSN_ON_HAND));
INSERT INTO ITEM (SERIAL_NUMBER, NSN_ID) VALUES ('860407 ', (SELECT MAX(NSN_ID) FROM NSN_ON_HAND));
INSERT INTO ITEM (SERIAL_NUMBER, NSN_ID) VALUES ('860417 ', (SELECT MAX(NSN_ID) FROM NSN_ON_HAND));
INSERT INTO ITEM (SERIAL_NUMBER, NSN_ID) VALUES ('860419 ', (SELECT MAX(NSN_ID) FROM NSN_ON_HAND));
INSERT INTO ITEM (SERIAL_NUMBER, NSN_ID) VALUES ('860424 ', (SELECT MAX(NSN_ID) FROM NSN_ON_HAND));
INSERT INTO ITEM (SERIAL_NUMBER, NSN_ID) VALUES ('860431 ', (SELECT MAX(NSN_ID) FROM NSN_ON_HAND));
INSERT INTO ITEM (SERIAL_NUMBER, NSN_ID) VALUES ('860434 ', (SELECT MAX(NSN_ID) FROM NSN_ON_HAND));
INSERT INTO ITEM (SERIAL_NUMBER, NSN_ID) VALUES ('860440 ', (SELECT MAX(NSN_ID) FROM NSN_ON_HAND));
INSERT INTO ITEM (SERIAL_NUMBER, NSN_ID) VALUES ('860444 ', (SELECT MAX(NSN_ID) FROM NSN_ON_HAND));
INSERT INTO ITEM (SERIAL_NUMBER, NSN_ID) VALUES ('869140 ', (SELECT MAX(NSN_ID) FROM NSN_ON_HAND));
INSERT INTO ITEM (SERIAL_NUMBER, NSN_ID) VALUES ('869209 ', (SELECT MAX(NSN_ID) FROM NSN_ON_HAND));
INSERT INTO NATIONAL_STOCK_NUMBER (NSN, NOMENCLATURE, UNIT_OF_ISSUE, UNIT_PRICE) VALUES ('1240015766134', 'SIGHT REFLEX COLLIMA', 'EA', 391);
INSERT INTO NSN_ON_HAND (NSN, ON_HAND, LIN_ID) VALUES ('1240015766134', 2, (SELECT MAX(LIN_ID) FROM LINE_NUMBER));
INSERT INTO ITEM (SERIAL_NUMBER, NSN_ID) VALUES ('K2601622 ', (SELECT MAX(NSN_ID) FROM NSN_ON_HAND));
INSERT INTO ITEM (SERIAL_NUMBER, NSN_ID) VALUES ('K2602220 ', (SELECT MAX(NSN_ID) FROM NSN_ON_HAND));
INSERT INTO LINE_NUMBER (LIN, NOMENCLATURE, AUTH_DOC, AUTHORIZED, REQUIRED, DUE_IN, PBIC) VALUES ('S90535', 'MEDIUM WEAPON THERMAL SIGHT (MWTS): AN/PAS-13(V)2', '11103RFCFC', 4, 4, 0, (SELECT MAX(PBIC_ID) FROM PBIC));
INSERT INTO NATIONAL_STOCK_NUMBER (NSN, NOMENCLATURE, UNIT_OF_ISSUE, UNIT_PRICE) VALUES ('5855014643152', 'SI THE AN/PAS-13B(V)2', 'EA', 17591);
INSERT INTO NSN_ON_HAND (NSN, ON_HAND, LIN_ID) VALUES ('5855014643152', 9, (SELECT MAX(LIN_ID) FROM LINE_NUMBER));
INSERT INTO ITEM (SERIAL_NUMBER, NSN_ID) VALUES ('36355 ', (SELECT MAX(NSN_ID) FROM NSN_ON_HAND));
INSERT INTO ITEM (SERIAL_NUMBER, NSN_ID) VALUES ('36404 ', (SELECT MAX(NSN_ID) FROM NSN_ON_HAND));
INSERT INTO ITEM (SERIAL_NUMBER, NSN_ID) VALUES ('36480 ', (SELECT MAX(NSN_ID) FROM NSN_ON_HAND));
INSERT INTO ITEM (SERIAL_NUMBER, NSN_ID) VALUES ('36677 ', (SELECT MAX(NSN_ID) FROM NSN_ON_HAND));
INSERT INTO ITEM (SERIAL_NUMBER, NSN_ID) VALUES ('45495 ', (SELECT MAX(NSN_ID) FROM NSN_ON_HAND));
INSERT INTO ITEM (SERIAL_NUMBER, NSN_ID) VALUES ('45498 ', (SELECT MAX(NSN_ID) FROM NSN_ON_HAND));
INSERT INTO ITEM (SERIAL_NUMBER, NSN_ID) VALUES ('45499 ', (SELECT MAX(NSN_ID) FROM NSN_ON_HAND));
INSERT INTO ITEM (SERIAL_NUMBER, NSN_ID) VALUES ('45500 ', (SELECT MAX(NSN_ID) FROM NSN_ON_HAND));
INSERT INTO ITEM (SERIAL_NUMBER, NSN_ID) VALUES ('45510 ', (SELECT MAX(NSN_ID) FROM NSN_ON_HAND));
INSERT INTO LINE_NUMBER (LIN, NOMENCLATURE, AUTH_DOC, AUTHORIZED, REQUIRED, DUE_IN, PBIC) VALUES ('S90603', 'HEAVY WEAPON THERMAL SIGHT (HWTS): AN/PAS-13(V)3', '11103RFCFC', 2, 6, 0, (SELECT MAX(PBIC_ID) FROM PBIC));
INSERT INTO NATIONAL_STOCK_NUMBER (NSN, NOMENCLATURE, UNIT_OF_ISSUE, UNIT_PRICE) VALUES ('5855014643151', 'SI THE AN/PAS-13B(V)3', 'EA', 19306);
INSERT INTO NSN_ON_HAND (NSN, ON_HAND, LIN_ID) VALUES ('5855014643151', 3, (SELECT MAX(LIN_ID) FROM LINE_NUMBER));
INSERT INTO ITEM (SERIAL_NUMBER, NSN_ID) VALUES ('64571 ', (SELECT MAX(NSN_ID) FROM NSN_ON_HAND));
INSERT INTO ITEM (SERIAL_NUMBER, NSN_ID) VALUES ('64618 ', (SELECT MAX(NSN_ID) FROM NSN_ON_HAND));
INSERT INTO ITEM (SERIAL_NUMBER, NSN_ID) VALUES ('64619 ', (SELECT MAX(NSN_ID) FROM NSN_ON_HAND));
INSERT INTO NATIONAL_STOCK_NUMBER (NSN, NOMENCLATURE, UNIT_OF_ISSUE, UNIT_PRICE) VALUES ('5855015244314', 'SI THE AN/PAS-13D(V)3', 'EA', 11999);
INSERT INTO NSN_ON_HAND (NSN, ON_HAND, LIN_ID) VALUES ('5855015244314', 3, (SELECT MAX(LIN_ID) FROM LINE_NUMBER));
INSERT INTO ITEM (SERIAL_NUMBER, NSN_ID) VALUES ('260817 ', (SELECT MAX(NSN_ID) FROM NSN_ON_HAND));
INSERT INTO ITEM (SERIAL_NUMBER, NSN_ID) VALUES ('260851 ', (SELECT MAX(NSN_ID) FROM NSN_ON_HAND));
INSERT INTO ITEM (SERIAL_NUMBER, NSN_ID) VALUES ('278293 ', (SELECT MAX(NSN_ID) FROM NSN_ON_HAND));
INSERT INTO LINE_NUMBER (LIN, NOMENCLATURE, AUTH_DOC, AUTHORIZED, REQUIRED, DUE_IN, PBIC) VALUES ('T07679', 'TRUCK UTILITY: HEAVY VARIANT HMMWV 4X4 10000 GVW ', '11103RFCFC', 8, 17, 0, (SELECT MAX(PBIC_ID) FROM PBIC));
INSERT INTO NATIONAL_STOCK_NUMBER (NSN, NOMENCLATURE, UNIT_OF_ISSUE, UNIT_PRICE) VALUES ('2320013469317', 'TRK UTIL 10000 M1097', 'EA', 55500);
INSERT INTO NSN_ON_HAND (NSN, ON_HAND, LIN_ID) VALUES ('2320013469317', 6, (SELECT MAX(LIN_ID) FROM LINE_NUMBER));
INSERT INTO ITEM (SERIAL_NUMBER, NSN_ID) VALUES ('576966/NZ3HJC', (SELECT MAX(NSN_ID) FROM NSN_ON_HAND));
INSERT INTO ITEM (SERIAL_NUMBER, NSN_ID) VALUES ('577235/NZ3HS9', (SELECT MAX(NSN_ID) FROM NSN_ON_HAND));
INSERT INTO ITEM (SERIAL_NUMBER, NSN_ID) VALUES ('577252/NZ3HSS', (SELECT MAX(NSN_ID) FROM NSN_ON_HAND));
INSERT INTO ITEM (SERIAL_NUMBER, NSN_ID) VALUES ('577279/NZ3HTK', (SELECT MAX(NSN_ID) FROM NSN_ON_HAND));
INSERT INTO ITEM (SERIAL_NUMBER, NSN_ID) VALUES ('577301/NZ3HU7', (SELECT MAX(NSN_ID) FROM NSN_ON_HAND));
INSERT INTO ITEM (SERIAL_NUMBER, NSN_ID) VALUES ('675555/NZ38SK', (SELECT MAX(NSN_ID) FROM NSN_ON_HAND));
INSERT INTO NATIONAL_STOCK_NUMBER (NSN, NOMENCLATURE, UNIT_OF_ISSUE, UNIT_PRICE) VALUES ('2320013808604', 'TRK UTIL HV M1097A2', 'EA', 72953);
INSERT INTO NSN_ON_HAND (NSN, ON_HAND, LIN_ID) VALUES ('2320013808604', 5, (SELECT MAX(LIN_ID) FROM LINE_NUMBER));
INSERT INTO ITEM (SERIAL_NUMBER, NSN_ID) VALUES ('185816/NG4YYS', (SELECT MAX(NSN_ID) FROM NSN_ON_HAND));
INSERT INTO ITEM (SERIAL_NUMBER, NSN_ID) VALUES ('185947/NG4YZK', (SELECT MAX(NSN_ID) FROM NSN_ON_HAND));
INSERT INTO ITEM (SERIAL_NUMBER, NSN_ID) VALUES ('188992/NG4Z5L', (SELECT MAX(NSN_ID) FROM NSN_ON_HAND));
INSERT INTO ITEM (SERIAL_NUMBER, NSN_ID) VALUES ('206200/NG53PY', (SELECT MAX(NSN_ID) FROM NSN_ON_HAND));
INSERT INTO ITEM (SERIAL_NUMBER, NSN_ID) VALUES ('206247/NG53Q3', (SELECT MAX(NSN_ID) FROM NSN_ON_HAND));
INSERT INTO NATIONAL_STOCK_NUMBER (NSN, NOMENCLATURE, UNIT_OF_ISSUE, UNIT_PRICE) VALUES ('2320015402007', 'TRK UT EX CAP M1152A1', 'EA', 164416);
INSERT INTO NSN_ON_HAND (NSN, ON_HAND, LIN_ID) VALUES ('2320015402007', 2, (SELECT MAX(LIN_ID) FROM LINE_NUMBER));
INSERT INTO ITEM (SERIAL_NUMBER, NSN_ID) VALUES ('253189/NZ15R5', (SELECT MAX(NSN_ID) FROM NSN_ON_HAND));
INSERT INTO ITEM (SERIAL_NUMBER, NSN_ID) VALUES ('253376/NZ15RQ', (SELECT MAX(NSN_ID) FROM NSN_ON_HAND));
INSERT INTO LINE_NUMBER (LIN, NOMENCLATURE, AUTH_DOC, AUTHORIZED, REQUIRED, DUE_IN, PBIC) VALUES ('T28688', 'TOOL KIT: GENERAL MECHANIC'S', '11103RFCFC', 2, 2, 0, (SELECT MAX(PBIC_ID) FROM PBIC));
INSERT INTO NATIONAL_STOCK_NUMBER (NSN, NOMENCLATURE, UNIT_OF_ISSUE, UNIT_PRICE) VALUES ('5180015487634', 'TOOL KIT GENERAL ME', 'SE', 1805);
INSERT INTO NSN_ON_HAND (NSN, ON_HAND, LIN_ID) VALUES ('5180015487634', 2, (SELECT MAX(LIN_ID) FROM LINE_NUMBER));
INSERT INTO LINE_NUMBER (LIN, NOMENCLATURE, AUTH_DOC, AUTHORIZED, REQUIRED, DUE_IN, PBIC) VALUES ('T40405', 'TAPE READER GENERAL PURPOSE: KOI-18/TSEC', '11103RFCFC', 3, 5, 0, (SELECT MAX(PBIC_ID) FROM PBIC));
INSERT INTO NATIONAL_STOCK_NUMBER (NSN, NOMENCLATURE, UNIT_OF_ISSUE, UNIT_PRICE) VALUES ('5810010269620', 'TAPE READ KOI-18/TSEC', 'EA', 161);
INSERT INTO NSN_ON_HAND (NSN, ON_HAND, LIN_ID) VALUES ('5810010269620', 4, (SELECT MAX(LIN_ID) FROM LINE_NUMBER));
INSERT INTO ITEM (SERIAL_NUMBER, NSN_ID) VALUES ('21880 ', (SELECT MAX(NSN_ID) FROM NSN_ON_HAND));
INSERT INTO ITEM (SERIAL_NUMBER, NSN_ID) VALUES ('44788 ', (SELECT MAX(NSN_ID) FROM NSN_ON_HAND));
INSERT INTO ITEM (SERIAL_NUMBER, NSN_ID) VALUES ('58750 ', (SELECT MAX(NSN_ID) FROM NSN_ON_HAND));
INSERT INTO ITEM (SERIAL_NUMBER, NSN_ID) VALUES ('65088 ', (SELECT MAX(NSN_ID) FROM NSN_ON_HAND));
INSERT INTO LINE_NUMBER (LIN, NOMENCLATURE, AUTH_DOC, AUTHORIZED, REQUIRED, DUE_IN, PBIC) VALUES ('T43146', 'TELECONFERENCE SYS: AN/TYQ-122A', '11103RFCFC', 0, 2, 0, (SELECT MAX(PBIC_ID) FROM PBIC));
INSERT INTO NATIONAL_STOCK_NUMBER (NSN, NOMENCLATURE, UNIT_OF_ISSUE, UNIT_PRICE) VALUES ('5820015692940', 'TELECONFERENCE SYST', 'EA', 21000);
INSERT INTO NSN_ON_HAND (NSN, ON_HAND, LIN_ID) VALUES ('5820015692940', 2, (SELECT MAX(LIN_ID) FROM LINE_NUMBER));
INSERT INTO ITEM (SERIAL_NUMBER, NSN_ID) VALUES ('R9739B0085 ', (SELECT MAX(NSN_ID) FROM NSN_ON_HAND));
INSERT INTO ITEM (SERIAL_NUMBER, NSN_ID) VALUES ('R9739B0245 ', (SELECT MAX(NSN_ID) FROM NSN_ON_HAND));
INSERT INTO LINE_NUMBER (LIN, NOMENCLATURE, AUTH_DOC, AUTHORIZED, REQUIRED, DUE_IN, PBIC) VALUES ('T57382', 'TOOL KIT: ELECTRONICS MAINTENANCE TK-17', '11103RFCFC', 4, 2, 0, (SELECT MAX(PBIC_ID) FROM PBIC));
INSERT INTO NATIONAL_STOCK_NUMBER (NSN, NOMENCLATURE, UNIT_OF_ISSUE, UNIT_PRICE) VALUES ('5180011950855', 'TOOL KIT TK-17', 'KT', 638);
INSERT INTO NSN_ON_HAND (NSN, ON_HAND, LIN_ID) VALUES ('5180011950855', 4, (SELECT MAX(LIN_ID) FROM LINE_NUMBER));
INSERT INTO LINE_NUMBER (LIN, NOMENCLATURE, AUTH_DOC, AUTHORIZED, REQUIRED, DUE_IN, PBIC) VALUES ('T60185', 'TELESCOPE: STRAIGHT', 'TM/LTR/MSG/Spec Auth', 13, 0, 0, (SELECT MAX(PBIC_ID) FROM PBIC));
INSERT INTO NATIONAL_STOCK_NUMBER (NSN, NOMENCLATURE, UNIT_OF_ISSUE, UNIT_PRICE) VALUES ('1240014116350', 'TELESCOPE M145', 'EA', 856);
INSERT INTO NSN_ON_HAND (NSN, ON_HAND, LIN_ID) VALUES ('1240014116350', 13, (SELECT MAX(LIN_ID) FROM LINE_NUMBER));
INSERT INTO ITEM (SERIAL_NUMBER, NSN_ID) VALUES ('ELC-02-10361 ', (SELECT MAX(NSN_ID) FROM NSN_ON_HAND));
INSERT INTO ITEM (SERIAL_NUMBER, NSN_ID) VALUES ('ELC-03-13781 ', (SELECT MAX(NSN_ID) FROM NSN_ON_HAND));
INSERT INTO ITEM (SERIAL_NUMBER, NSN_ID) VALUES ('ELC-03-13883 ', (SELECT MAX(NSN_ID) FROM NSN_ON_HAND));
INSERT INTO ITEM (SERIAL_NUMBER, NSN_ID) VALUES ('ELC-03-14033 ', (SELECT MAX(NSN_ID) FROM NSN_ON_HAND));
INSERT INTO ITEM (SERIAL_NUMBER, NSN_ID) VALUES ('ELC-03-14251 ', (SELECT MAX(NSN_ID) FROM NSN_ON_HAND));
INSERT INTO ITEM (SERIAL_NUMBER, NSN_ID) VALUES ('ELC-03-14344 ', (SELECT MAX(NSN_ID) FROM NSN_ON_HAND));
INSERT INTO ITEM (SERIAL_NUMBER, NSN_ID) VALUES ('ELC-04-19248 ', (SELECT MAX(NSN_ID) FROM NSN_ON_HAND));
INSERT INTO ITEM (SERIAL_NUMBER, NSN_ID) VALUES ('ELC-09-69246 ', (SELECT MAX(NSN_ID) FROM NSN_ON_HAND));
INSERT INTO ITEM (SERIAL_NUMBER, NSN_ID) VALUES ('ELC-09-69913 ', (SELECT MAX(NSN_ID) FROM NSN_ON_HAND));
INSERT INTO ITEM (SERIAL_NUMBER, NSN_ID) VALUES ('ELC-09-75628 ', (SELECT MAX(NSN_ID) FROM NSN_ON_HAND));
INSERT INTO ITEM (SERIAL_NUMBER, NSN_ID) VALUES ('ELC-09-75883 ', (SELECT MAX(NSN_ID) FROM NSN_ON_HAND));
INSERT INTO ITEM (SERIAL_NUMBER, NSN_ID) VALUES ('ELC-09-76477 ', (SELECT MAX(NSN_ID) FROM NSN_ON_HAND));
INSERT INTO ITEM (SERIAL_NUMBER, NSN_ID) VALUES ('ELC-99-01277 ', (SELECT MAX(NSN_ID) FROM NSN_ON_HAND));
INSERT INTO LINE_NUMBER (LIN, NOMENCLATURE, AUTH_DOC, AUTHORIZED, REQUIRED, DUE_IN, PBIC) VALUES ('T61494', 'TRUCK UTILITY: CARGO/TROOP CARRIER 1-1/4 TON 4X4 ', '11103RFCFC', 3, 5, 0, (SELECT MAX(PBIC_ID) FROM PBIC));
INSERT INTO NATIONAL_STOCK_NUMBER (NSN, NOMENCLATURE, UNIT_OF_ISSUE, UNIT_PRICE) VALUES ('2320013719583', 'TRK UTIL HV M1097A1', 'EA', 60566);
INSERT INTO NSN_ON_HAND (NSN, ON_HAND, LIN_ID) VALUES ('2320013719583', 1, (SELECT MAX(LIN_ID) FROM LINE_NUMBER));
INSERT INTO ITEM (SERIAL_NUMBER, NSN_ID) VALUES ('160236/NG4MSL', (SELECT MAX(NSN_ID) FROM NSN_ON_HAND));
INSERT INTO NATIONAL_STOCK_NUMBER (NSN, NOMENCLATURE, UNIT_OF_ISSUE, UNIT_PRICE) VALUES ('2320013808604', 'TRK UTIL HV M1097A2', 'EA', 72953);
INSERT INTO NSN_ON_HAND (NSN, ON_HAND, LIN_ID) VALUES ('2320013808604', 11, (SELECT MAX(LIN_ID) FROM LINE_NUMBER));
INSERT INTO ITEM (SERIAL_NUMBER, NSN_ID) VALUES ('177933/NG4XWY', (SELECT MAX(NSN_ID) FROM NSN_ON_HAND));
INSERT INTO ITEM (SERIAL_NUMBER, NSN_ID) VALUES ('177941/NG4XX1', (SELECT MAX(NSN_ID) FROM NSN_ON_HAND));
INSERT INTO ITEM (SERIAL_NUMBER, NSN_ID) VALUES ('178013/NG4XXW', (SELECT MAX(NSN_ID) FROM NSN_ON_HAND));
INSERT INTO ITEM (SERIAL_NUMBER, NSN_ID) VALUES ('178651/NG4XYG', (SELECT MAX(NSN_ID) FROM NSN_ON_HAND));
INSERT INTO ITEM (SERIAL_NUMBER, NSN_ID) VALUES ('178673/NG4XYR', (SELECT MAX(NSN_ID) FROM NSN_ON_HAND));
INSERT INTO ITEM (SERIAL_NUMBER, NSN_ID) VALUES ('178783/NG4Y00', (SELECT MAX(NSN_ID) FROM NSN_ON_HAND));
INSERT INTO ITEM (SERIAL_NUMBER, NSN_ID) VALUES ('184172/NG4YEC', (SELECT MAX(NSN_ID) FROM NSN_ON_HAND));
INSERT INTO ITEM (SERIAL_NUMBER, NSN_ID) VALUES ('185034/590694', (SELECT MAX(NSN_ID) FROM NSN_ON_HAND));
INSERT INTO ITEM (SERIAL_NUMBER, NSN_ID) VALUES ('188892/NG4Z3U', (SELECT MAX(NSN_ID) FROM NSN_ON_HAND));
INSERT INTO ITEM (SERIAL_NUMBER, NSN_ID) VALUES ('188894/NG4Z3V', (SELECT MAX(NSN_ID) FROM NSN_ON_HAND));
INSERT INTO ITEM (SERIAL_NUMBER, NSN_ID) VALUES ('188972/NG4Z5C', (SELECT MAX(NSN_ID) FROM NSN_ON_HAND));
INSERT INTO LINE_NUMBER (LIN, NOMENCLATURE, AUTH_DOC, AUTHORIZED, REQUIRED, DUE_IN, PBIC) VALUES ('T61630', 'TRUCK UTILITY: EXPANDED CAPACITY 4X4 W/E HMMWV M1', '11103RFCFC', 1, 2, 0, (SELECT MAX(PBIC_ID) FROM PBIC));
INSERT INTO NATIONAL_STOCK_NUMBER (NSN, NOMENCLATURE, UNIT_OF_ISSUE, UNIT_PRICE) VALUES ('2320015402007', 'TRK UT EX CAP M1152A1', 'EA', 164416);
INSERT INTO NSN_ON_HAND (NSN, ON_HAND, LIN_ID) VALUES ('2320015402007', 4, (SELECT MAX(LIN_ID) FROM LINE_NUMBER));
INSERT INTO ITEM (SERIAL_NUMBER, NSN_ID) VALUES ('338413/NZ3CZR', (SELECT MAX(NSN_ID) FROM NSN_ON_HAND));
INSERT INTO ITEM (SERIAL_NUMBER, NSN_ID) VALUES ('338414/NZ3CZS', (SELECT MAX(NSN_ID) FROM NSN_ON_HAND));
INSERT INTO ITEM (SERIAL_NUMBER, NSN_ID) VALUES ('338415/NZ3CZT', (SELECT MAX(NSN_ID) FROM NSN_ON_HAND));
INSERT INTO ITEM (SERIAL_NUMBER, NSN_ID) VALUES ('338417/NZ3CZV', (SELECT MAX(NSN_ID) FROM NSN_ON_HAND));
INSERT INTO LINE_NUMBER (LIN, NOMENCLATURE, AUTH_DOC, AUTHORIZED, REQUIRED, DUE_IN, PBIC) VALUES ('T61704', 'TRUCK CARGO: MTV LWB W/E', '11103RFCFC', 3, 0, 0, (SELECT MAX(PBIC_ID) FROM PBIC));
INSERT INTO LINE_NUMBER (LIN, NOMENCLATURE, AUTH_DOC, AUTHORIZED, REQUIRED, DUE_IN, PBIC) VALUES ('T61908', 'TRUCK CARGO: MTV W/E', '11103RFCFC', 1, 1, 0, (SELECT MAX(PBIC_ID) FROM PBIC));
INSERT INTO NATIONAL_STOCK_NUMBER (NSN, NOMENCLATURE, UNIT_OF_ISSUE, UNIT_PRICE) VALUES ('2320014473890', 'TRK CGO W/E M1083A1', 'EA', 184333);
INSERT INTO NSN_ON_HAND (NSN, ON_HAND, LIN_ID) VALUES ('2320014473890', 1, (SELECT MAX(LIN_ID) FROM LINE_NUMBER));
INSERT INTO ITEM (SERIAL_NUMBER, NSN_ID) VALUES ('B-T013350BFKJ/NL1DAV', (SELECT MAX(NSN_ID) FROM NSN_ON_HAND));
INSERT INTO LINE_NUMBER (LIN, NOMENCLATURE, AUTH_DOC, AUTHORIZED, REQUIRED, DUE_IN, PBIC) VALUES ('T62350', 'TEST KIT MASK PROTECTIVE: M41', '11103RFCFC', 1, 1, 0, (SELECT MAX(PBIC_ID) FROM PBIC));
INSERT INTO NATIONAL_STOCK_NUMBER (NSN, NOMENCLATURE, UNIT_OF_ISSUE, UNIT_PRICE) VALUES ('4240013658241', 'TEST KIT MASK PRO M41', 'EA', 5593);
INSERT INTO NSN_ON_HAND (NSN, ON_HAND, LIN_ID) VALUES ('4240013658241', 1, (SELECT MAX(LIN_ID) FROM LINE_NUMBER));
INSERT INTO ITEM (SERIAL_NUMBER, NSN_ID) VALUES ('29059 ', (SELECT MAX(NSN_ID) FROM NSN_ON_HAND));
INSERT INTO LINE_NUMBER (LIN, NOMENCLATURE, AUTH_DOC, AUTHORIZED, REQUIRED, DUE_IN, PBIC) VALUES ('T81733', 'TERMINAL: SATELLITE COMMUNICATION AN/TSC-154', '11103RFCFC', 2, 2, 0, (SELECT MAX(PBIC_ID) FROM PBIC));
INSERT INTO NATIONAL_STOCK_NUMBER (NSN, NOMENCLATURE, UNIT_OF_ISSUE, UNIT_PRICE) VALUES ('5895015306459', 'TER SA CO AN/TSC-154A', 'EA', 825000);
INSERT INTO NSN_ON_HAND (NSN, ON_HAND, LIN_ID) VALUES ('5895015306459', 2, (SELECT MAX(LIN_ID) FROM LINE_NUMBER));
INSERT INTO ITEM (SERIAL_NUMBER, NSN_ID) VALUES ('2069A ', (SELECT MAX(NSN_ID) FROM NSN_ON_HAND));
INSERT INTO ITEM (SERIAL_NUMBER, NSN_ID) VALUES ('2071A ', (SELECT MAX(NSN_ID) FROM NSN_ON_HAND));
INSERT INTO LINE_NUMBER (LIN, NOMENCLATURE, AUTH_DOC, AUTHORIZED, REQUIRED, DUE_IN, PBIC) VALUES ('T95924', 'TRAILER CARGO: HIGH MOBILITY 1-1/4 TON', '11103RFCFC', 0, 2, 0, (SELECT MAX(PBIC_ID) FROM PBIC));
INSERT INTO NATIONAL_STOCK_NUMBER (NSN, NOMENCLATURE, UNIT_OF_ISSUE, UNIT_PRICE) VALUES ('2330013875426', 'TLR CGO HI MOB 11/4T', 'EA', 8954);
INSERT INTO NSN_ON_HAND (NSN, ON_HAND, LIN_ID) VALUES ('2330013875426', 3, (SELECT MAX(LIN_ID) FROM LINE_NUMBER));
INSERT INTO ITEM (SERIAL_NUMBER, NSN_ID) VALUES ('04675/CR7669', (SELECT MAX(NSN_ID) FROM NSN_ON_HAND));
INSERT INTO ITEM (SERIAL_NUMBER, NSN_ID) VALUES ('09392/PC0BW9', (SELECT MAX(NSN_ID) FROM NSN_ON_HAND));
INSERT INTO ITEM (SERIAL_NUMBER, NSN_ID) VALUES ('09397/PC0BWE', (SELECT MAX(NSN_ID) FROM NSN_ON_HAND));
INSERT INTO LINE_NUMBER (LIN, NOMENCLATURE, AUTH_DOC, AUTHORIZED, REQUIRED, DUE_IN, PBIC) VALUES ('T95992', 'LIGHT TACTICAL TRAILER: 3/4 TON', '11103RFCFC', 6, 8, 0, (SELECT MAX(PBIC_ID) FROM PBIC));
INSERT INTO NATIONAL_STOCK_NUMBER (NSN, NOMENCLATURE, UNIT_OF_ISSUE, UNIT_PRICE) VALUES ('2330013875443', 'TLR CGO HI MOB 3/4T', 'EA', 8954);
INSERT INTO NSN_ON_HAND (NSN, ON_HAND, LIN_ID) VALUES ('2330013875443', 9, (SELECT MAX(LIN_ID) FROM LINE_NUMBER));
INSERT INTO ITEM (SERIAL_NUMBER, NSN_ID) VALUES ('04628/PC0ARP', (SELECT MAX(NSN_ID) FROM NSN_ON_HAND));
INSERT INTO ITEM (SERIAL_NUMBER, NSN_ID) VALUES ('2964/NW0UUK', (SELECT MAX(NSN_ID) FROM NSN_ON_HAND));
INSERT INTO ITEM (SERIAL_NUMBER, NSN_ID) VALUES ('2988/NW0UV9', (SELECT MAX(NSN_ID) FROM NSN_ON_HAND));
INSERT INTO ITEM (SERIAL_NUMBER, NSN_ID) VALUES ('3094/NW0UQK', (SELECT MAX(NSN_ID) FROM NSN_ON_HAND));
INSERT INTO ITEM (SERIAL_NUMBER, NSN_ID) VALUES ('3097/NW0UQN', (SELECT MAX(NSN_ID) FROM NSN_ON_HAND));
INSERT INTO ITEM (SERIAL_NUMBER, NSN_ID) VALUES ('3103/NW0UQU', (SELECT MAX(NSN_ID) FROM NSN_ON_HAND));
INSERT INTO ITEM (SERIAL_NUMBER, NSN_ID) VALUES ('3114/NW0UR5', (SELECT MAX(NSN_ID) FROM NSN_ON_HAND));
INSERT INTO ITEM (SERIAL_NUMBER, NSN_ID) VALUES ('34545/NW2TJF', (SELECT MAX(NSN_ID) FROM NSN_ON_HAND));
INSERT INTO ITEM (SERIAL_NUMBER, NSN_ID) VALUES ('A04601/PC0AQW', (SELECT MAX(NSN_ID) FROM NSN_ON_HAND));
INSERT INTO LINE_NUMBER (LIN, NOMENCLATURE, AUTH_DOC, AUTHORIZED, REQUIRED, DUE_IN, PBIC) VALUES ('W33278', 'TOOL KIT BATTERY SERVICE: TK-90/G', 'CTA 50-909', 4, 0, 0, (SELECT MAX(PBIC_ID) FROM PBIC));
INSERT INTO NATIONAL_STOCK_NUMBER (NSN, NOMENCLATURE, UNIT_OF_ISSUE, UNIT_PRICE) VALUES ('5180005425812', 'TOOL KT BTY TK-90/G', 'EA', 628);
INSERT INTO NSN_ON_HAND (NSN, ON_HAND, LIN_ID) VALUES ('5180005425812', 4, (SELECT MAX(LIN_ID) FROM LINE_NUMBER));
INSERT INTO LINE_NUMBER (LIN, NOMENCLATURE, AUTH_DOC, AUTHORIZED, REQUIRED, DUE_IN, PBIC) VALUES ('W34648', 'TOOL KIT CARPENTERS: ENGINEER SQUAD W/CHEST', '11103RFCFC', 1, 1, 0, (SELECT MAX(PBIC_ID) FROM PBIC));
INSERT INTO LINE_NUMBER (LIN, NOMENCLATURE, AUTH_DOC, AUTHORIZED, REQUIRED, DUE_IN, PBIC) VALUES ('W37388', 'TOOL KIT ELECTRONIC EQUIPMENT: TK-105/G', '11103RFCFC', 4, 6, 0, (SELECT MAX(PBIC_ID) FROM PBIC));
INSERT INTO NATIONAL_STOCK_NUMBER (NSN, NOMENCLATURE, UNIT_OF_ISSUE, UNIT_PRICE) VALUES ('5180006108177', 'TOOL KT E EQ TK-105/G', 'EA', 1127);
INSERT INTO NSN_ON_HAND (NSN, ON_HAND, LIN_ID) VALUES ('5180006108177', 1, (SELECT MAX(LIN_ID) FROM LINE_NUMBER));
INSERT INTO NATIONAL_STOCK_NUMBER (NSN, NOMENCLATURE, UNIT_OF_ISSUE, UNIT_PRICE) VALUES ('5180014609328', 'TOOL K E EQ TK-105A/G', 'EA', 1127);
INSERT INTO NSN_ON_HAND (NSN, ON_HAND, LIN_ID) VALUES ('5180014609328', 6, (SELECT MAX(LIN_ID) FROM LINE_NUMBER));
INSERT INTO LINE_NUMBER (LIN, NOMENCLATURE, AUTH_DOC, AUTHORIZED, REQUIRED, DUE_IN, PBIC) VALUES ('W37483', 'TOOL KIT ELECTRIC EQUIPMENT: TK-101/GSQ', '11103RFCFC', 0, 5, 0, (SELECT MAX(PBIC_ID) FROM PBIC));
INSERT INTO NATIONAL_STOCK_NUMBER (NSN, NOMENCLATURE, UNIT_OF_ISSUE, UNIT_PRICE) VALUES ('5180000645178', 'TOOL KT EL TK-101/GSQ', 'EA', 553);
INSERT INTO NSN_ON_HAND (NSN, ON_HAND, LIN_ID) VALUES ('5180000645178', 3, (SELECT MAX(LIN_ID) FROM LINE_NUMBER));
INSERT INTO LINE_NUMBER (LIN, NOMENCLATURE, AUTH_DOC, AUTHORIZED, REQUIRED, DUE_IN, PBIC) VALUES ('W51910', 'TOOL KIT SMALL ARMS REPAIRMAN: ORDNANCE', '11103RFCFC', 1, 1, 0, (SELECT MAX(PBIC_ID) FROM PBIC));
INSERT INTO NATIONAL_STOCK_NUMBER (NSN, NOMENCLATURE, UNIT_OF_ISSUE, UNIT_PRICE) VALUES ('5180003577770', 'TOOL KIT,REPAIRMAN'', 'KT', 2147);
INSERT INTO NSN_ON_HAND (NSN, ON_HAND, LIN_ID) VALUES ('5180003577770', 1, (SELECT MAX(LIN_ID) FROM LINE_NUMBER));
INSERT INTO LINE_NUMBER (LIN, NOMENCLATURE, AUTH_DOC, AUTHORIZED, REQUIRED, DUE_IN, PBIC) VALUES ('W52987', 'WATER HEATER: MOUNTED/RATION (MWRH)USED ON M1TANK', 'CTA 50-900', 2, 0, 0, (SELECT MAX(PBIC_ID) FROM PBIC));
INSERT INTO NATIONAL_STOCK_NUMBER (NSN, NOMENCLATURE, UNIT_OF_ISSUE, UNIT_PRICE) VALUES ('7310013871305', 'WT HT MTD/RAT (MWRH)', 'EA', 1557);
INSERT INTO NSN_ON_HAND (NSN, ON_HAND, LIN_ID) VALUES ('7310013871305', 2, (SELECT MAX(LIN_ID) FROM LINE_NUMBER));
INSERT INTO LINE_NUMBER (LIN, NOMENCLATURE, AUTH_DOC, AUTHORIZED, REQUIRED, DUE_IN, PBIC) VALUES ('W98825', 'TRAILER TANK: WATER 400 GALLON 1-1/2 TON 2 WHEEL ', '11103RFCFC', 1, 1, 0, (SELECT MAX(PBIC_ID) FROM PBIC));
INSERT INTO NATIONAL_STOCK_NUMBER (NSN, NOMENCLATURE, UNIT_OF_ISSUE, UNIT_PRICE) VALUES ('2330011087367', 'TRAILER WTR M149A2', 'EA', 12955);
INSERT INTO NSN_ON_HAND (NSN, ON_HAND, LIN_ID) VALUES ('2330011087367', 1, (SELECT MAX(LIN_ID) FROM LINE_NUMBER));
INSERT INTO ITEM (SERIAL_NUMBER, NSN_ID) VALUES ('PH09Y7-5168/PH09Y7', (SELECT MAX(NSN_ID) FROM NSN_ON_HAND));
INSERT INTO LINE_NUMBER (LIN, NOMENCLATURE, AUTH_DOC, AUTHORIZED, REQUIRED, DUE_IN, PBIC) VALUES ('WE4593', 'CONTAINER ISU 90', 'CTA 50-909', 2, 0, 0, (SELECT MAX(PBIC_ID) FROM PBIC));
INSERT INTO NATIONAL_STOCK_NUMBER (NSN, NOMENCLATURE, UNIT_OF_ISSUE, UNIT_PRICE) VALUES ('8145014654140', 'SHIPPING AND STORAG', 'EA', 14393.09);
INSERT INTO NSN_ON_HAND (NSN, ON_HAND, LIN_ID) VALUES ('8145014654140', 2, (SELECT MAX(LIN_ID) FROM LINE_NUMBER));
INSERT INTO LINE_NUMBER (LIN, NOMENCLATURE, AUTH_DOC, AUTHORIZED, REQUIRED, DUE_IN, PBIC) VALUES ('WF4070', 'TRAILER,TENT', 'CTA 50-909', 1, 0, 0, (SELECT MAX(PBIC_ID) FROM PBIC));
INSERT INTO NATIONAL_STOCK_NUMBER (NSN, NOMENCLATURE, UNIT_OF_ISSUE, UNIT_PRICE) VALUES ('8340015331697', 'TRAILER MOUNTED SUP', 'EA', 99303.49);
INSERT INTO NSN_ON_HAND (NSN, ON_HAND, LIN_ID) VALUES ('8340015331697', 1, (SELECT MAX(LIN_ID) FROM LINE_NUMBER));
INSERT INTO ITEM (SERIAL_NUMBER, NSN_ID) VALUES ('1078722-001 ', (SELECT MAX(NSN_ID) FROM NSN_ON_HAND));
INSERT INTO LINE_NUMBER (LIN, NOMENCLATURE, AUTH_DOC, AUTHORIZED, REQUIRED, DUE_IN, PBIC) VALUES ('WF4549', 'GUIDON', 'AR 840-10', 1, 0, 0, (SELECT MAX(PBIC_ID) FROM PBIC));
INSERT INTO NATIONAL_STOCK_NUMBER (NSN, NOMENCLATURE, UNIT_OF_ISSUE, UNIT_PRICE) VALUES ('834501F000946', 'GUIDON: COMPANY', 'EA', 82.87);
INSERT INTO NSN_ON_HAND (NSN, ON_HAND, LIN_ID) VALUES ('834501F000946', 1, (SELECT MAX(LIN_ID) FROM LINE_NUMBER));
INSERT INTO LINE_NUMBER (LIN, NOMENCLATURE, AUTH_DOC, AUTHORIZED, REQUIRED, DUE_IN, PBIC) VALUES ('Z00862', 'NOT ON CATALOG', 'AR 840-10', 10, 0, 0, (SELECT MAX(PBIC_ID) FROM PBIC));
INSERT INTO NATIONAL_STOCK_NUMBER (NSN, NOMENCLATURE, UNIT_OF_ISSUE, UNIT_PRICE) VALUES ('582001X900016', 'RADIO PORTABLE UHF R1 FREQ: 242-512A-433', 'EA', 3300);
INSERT INTO NSN_ON_HAND (NSN, ON_HAND, LIN_ID) VALUES ('582001X900016', 10, (SELECT MAX(LIN_ID) FROM LINE_NUMBER));
INSERT INTO ITEM (SERIAL_NUMBER, NSN_ID) VALUES ('407CJP3524 ', (SELECT MAX(NSN_ID) FROM NSN_ON_HAND));
INSERT INTO ITEM (SERIAL_NUMBER, NSN_ID) VALUES ('407CJP3525 ', (SELECT MAX(NSN_ID) FROM NSN_ON_HAND));
INSERT INTO ITEM (SERIAL_NUMBER, NSN_ID) VALUES ('407CJP3526 ', (SELECT MAX(NSN_ID) FROM NSN_ON_HAND));
INSERT INTO ITEM (SERIAL_NUMBER, NSN_ID) VALUES ('407CJP3527 ', (SELECT MAX(NSN_ID) FROM NSN_ON_HAND));
INSERT INTO ITEM (SERIAL_NUMBER, NSN_ID) VALUES ('407CJP3528 ', (SELECT MAX(NSN_ID) FROM NSN_ON_HAND));
INSERT INTO ITEM (SERIAL_NUMBER, NSN_ID) VALUES ('407CJP3529 ', (SELECT MAX(NSN_ID) FROM NSN_ON_HAND));
INSERT INTO ITEM (SERIAL_NUMBER, NSN_ID) VALUES ('407CJP3530 ', (SELECT MAX(NSN_ID) FROM NSN_ON_HAND));
INSERT INTO ITEM (SERIAL_NUMBER, NSN_ID) VALUES ('407CJP3531 ', (SELECT MAX(NSN_ID) FROM NSN_ON_HAND));
INSERT INTO ITEM (SERIAL_NUMBER, NSN_ID) VALUES ('407CJP3532 ', (SELECT MAX(NSN_ID) FROM NSN_ON_HAND));
INSERT INTO ITEM (SERIAL_NUMBER, NSN_ID) VALUES ('407CJP3533 ', (SELECT MAX(NSN_ID) FROM NSN_ON_HAND));
INSERT INTO LINE_NUMBER (LIN, NOMENCLATURE, AUTH_DOC, AUTHORIZED, REQUIRED, DUE_IN, PBIC) VALUES ('Z39781', 'ARMY H RESURCES: WRKSTATION', '11103RFCFC', 1, 1, 0, (SELECT MAX(PBIC_ID) FROM PBIC));
INSERT INTO LINE_NUMBER (LIN, NOMENCLATURE, AUTH_DOC, AUTHORIZED, REQUIRED, DUE_IN, PBIC) VALUES ('ZA053E', 'BARREL, SHORT,  FOR M249 MACH GUN', 'RFI', 5, 0, 0, (SELECT MAX(PBIC_ID) FROM PBIC));
INSERT INTO NATIONAL_STOCK_NUMBER (NSN, NOMENCLATURE, UNIT_OF_ISSUE, UNIT_PRICE) VALUES ('1005014754296', 'BARREL,MACHINE GUN', 'EA', 390.86);
INSERT INTO NSN_ON_HAND (NSN, ON_HAND, LIN_ID) VALUES ('1005014754296', 5, (SELECT MAX(LIN_ID) FROM LINE_NUMBER));
INSERT INTO LINE_NUMBER (LIN, NOMENCLATURE, AUTH_DOC, AUTHORIZED, REQUIRED, DUE_IN, PBIC) VALUES ('ZA9548', 'STORAGE RACK, SQUAD AUTO WPN (SAW) M249', 'TM/LTR/MSG/Spec Auth', 1, 0, 0, (SELECT MAX(PBIC_ID) FROM PBIC));
INSERT INTO NATIONAL_STOCK_NUMBER (NSN, NOMENCLATURE, UNIT_OF_ISSUE, UNIT_PRICE) VALUES ('1095011977902', 'RACK,STORAGE,SMALLA', 'EA', 239.95);
INSERT INTO NSN_ON_HAND (NSN, ON_HAND, LIN_ID) VALUES ('1095011977902', 1, (SELECT MAX(LIN_ID) FROM LINE_NUMBER));
INSERT INTO LINE_NUMBER (LIN, NOMENCLATURE, AUTH_DOC, AUTHORIZED, REQUIRED, DUE_IN, PBIC) VALUES ('ZA9569', 'RACK STORAGE SMALL ARMS', 'TM/LTR/MSG/Spec Auth', 7, 0, 0, (SELECT MAX(PBIC_ID) FROM PBIC));
INSERT INTO NATIONAL_STOCK_NUMBER (NSN, NOMENCLATURE, UNIT_OF_ISSUE, UNIT_PRICE) VALUES ('1095004070674', 'RACK,STORAGE,SMALLA', 'EA', 448.22);
INSERT INTO NSN_ON_HAND (NSN, ON_HAND, LIN_ID) VALUES ('1095004070674', 7, (SELECT MAX(LIN_ID) FROM LINE_NUMBER));
INSERT INTO pbic (description, ORANIZATION, uic) VALUES('INSTALLATION PROPERTY (STATION PROPERTY) (NONDEPLOYABLE).', ' 334 SIG CO', ' WG02AA ');
INSERT INTO LINE_NUMBER (LIN, NOMENCLATURE, AUTH_DOC, AUTHORIZED, REQUIRED, DUE_IN, PBIC) VALUES ('47090N', 'CONTAINER STORAGE GALVANIZED STEEL PORTABLE W/SUS', 'CTA 50-900', 0, 0, 0, (SELECT MAX(PBIC_ID) FROM PBIC));
INSERT INTO NATIONAL_STOCK_NUMBER (NSN, NOMENCLATURE, UNIT_OF_ISSUE, UNIT_PRICE) VALUES ('8150015338673', 'TRICON,FREIGHT,SPEC', 'EA', 7483.58);
INSERT INTO NSN_ON_HAND (NSN, ON_HAND, LIN_ID) VALUES ('8150015338673', 10, (SELECT MAX(LIN_ID) FROM LINE_NUMBER));
INSERT INTO ITEM (SERIAL_NUMBER, NSN_ID) VALUES ('USAU1012293 ', (SELECT MAX(NSN_ID) FROM NSN_ON_HAND));
INSERT INTO ITEM (SERIAL_NUMBER, NSN_ID) VALUES ('USAU1327710 ', (SELECT MAX(NSN_ID) FROM NSN_ON_HAND));
INSERT INTO ITEM (SERIAL_NUMBER, NSN_ID) VALUES ('USAU1327752 ', (SELECT MAX(NSN_ID) FROM NSN_ON_HAND));
INSERT INTO ITEM (SERIAL_NUMBER, NSN_ID) VALUES ('USAU1327794 ', (SELECT MAX(NSN_ID) FROM NSN_ON_HAND));
INSERT INTO ITEM (SERIAL_NUMBER, NSN_ID) VALUES ('USAU1327808 ', (SELECT MAX(NSN_ID) FROM NSN_ON_HAND));
INSERT INTO ITEM (SERIAL_NUMBER, NSN_ID) VALUES ('USAU1327813 ', (SELECT MAX(NSN_ID) FROM NSN_ON_HAND));
INSERT INTO ITEM (SERIAL_NUMBER, NSN_ID) VALUES ('USAU1328086 ', (SELECT MAX(NSN_ID) FROM NSN_ON_HAND));
INSERT INTO ITEM (SERIAL_NUMBER, NSN_ID) VALUES ('USAU1328173 ', (SELECT MAX(NSN_ID) FROM NSN_ON_HAND));
INSERT INTO ITEM (SERIAL_NUMBER, NSN_ID) VALUES ('USAU1328255 ', (SELECT MAX(NSN_ID) FROM NSN_ON_HAND));
INSERT INTO ITEM (SERIAL_NUMBER, NSN_ID) VALUES ('USAU1329307 ', (SELECT MAX(NSN_ID) FROM NSN_ON_HAND));
INSERT INTO LINE_NUMBER (LIN, NOMENCLATURE, AUTH_DOC, AUTHORIZED, REQUIRED, DUE_IN, PBIC) VALUES ('70051N', 'TELEPHONE ANSWERING EQUIPMENT, TY SZ AA', 'TM/LTR/MSG/Spec Auth', 0, 0, 0, (SELECT MAX(PBIC_ID) FROM PBIC));
INSERT INTO NATIONAL_STOCK_NUMBER (NSN, NOMENCLATURE, UNIT_OF_ISSUE, UNIT_PRICE) VALUES ('5805015508082', 'TELEPHONE', 'EA', 1551);
INSERT INTO NSN_ON_HAND (NSN, ON_HAND, LIN_ID) VALUES ('5805015508082', 49, (SELECT MAX(LIN_ID) FROM LINE_NUMBER));
INSERT INTO ITEM (SERIAL_NUMBER, NSN_ID) VALUES ('FCH10398W7S ', (SELECT MAX(NSN_ID) FROM NSN_ON_HAND));
INSERT INTO ITEM (SERIAL_NUMBER, NSN_ID) VALUES ('FCH1131AYZN ', (SELECT MAX(NSN_ID) FROM NSN_ON_HAND));
INSERT INTO ITEM (SERIAL_NUMBER, NSN_ID) VALUES ('FCH1131AZB4 ', (SELECT MAX(NSN_ID) FROM NSN_ON_HAND));
INSERT INTO ITEM (SERIAL_NUMBER, NSN_ID) VALUES ('FCH1131AZD2 ', (SELECT MAX(NSN_ID) FROM NSN_ON_HAND));
INSERT INTO ITEM (SERIAL_NUMBER, NSN_ID) VALUES ('FCH1131AZDB ', (SELECT MAX(NSN_ID) FROM NSN_ON_HAND));
INSERT INTO ITEM (SERIAL_NUMBER, NSN_ID) VALUES ('FCH1131AZEK ', (SELECT MAX(NSN_ID) FROM NSN_ON_HAND));
INSERT INTO ITEM (SERIAL_NUMBER, NSN_ID) VALUES ('FCH1131AZJ9 ', (SELECT MAX(NSN_ID) FROM NSN_ON_HAND));
INSERT INTO ITEM (SERIAL_NUMBER, NSN_ID) VALUES ('FCH1131AZJK ', (SELECT MAX(NSN_ID) FROM NSN_ON_HAND));
INSERT INTO ITEM (SERIAL_NUMBER, NSN_ID) VALUES ('FCH1131AZJX ', (SELECT MAX(NSN_ID) FROM NSN_ON_HAND));
INSERT INTO ITEM (SERIAL_NUMBER, NSN_ID) VALUES ('FCH1131AZK4 ', (SELECT MAX(NSN_ID) FROM NSN_ON_HAND));
INSERT INTO ITEM (SERIAL_NUMBER, NSN_ID) VALUES ('FCH1131AZL4 ', (SELECT MAX(NSN_ID) FROM NSN_ON_HAND));
INSERT INTO ITEM (SERIAL_NUMBER, NSN_ID) VALUES ('FCH1131AZLZ ', (SELECT MAX(NSN_ID) FROM NSN_ON_HAND));
INSERT INTO ITEM (SERIAL_NUMBER, NSN_ID) VALUES ('FCH1131AZPY ', (SELECT MAX(NSN_ID) FROM NSN_ON_HAND));
INSERT INTO ITEM (SERIAL_NUMBER, NSN_ID) VALUES ('FCH1131B043 ', (SELECT MAX(NSN_ID) FROM NSN_ON_HAND));
INSERT INTO ITEM (SERIAL_NUMBER, NSN_ID) VALUES ('FCH1131B0KZ ', (SELECT MAX(NSN_ID) FROM NSN_ON_HAND));
INSERT INTO ITEM (SERIAL_NUMBER, NSN_ID) VALUES ('FCH1131B0P7 ', (SELECT MAX(NSN_ID) FROM NSN_ON_HAND));
INSERT INTO ITEM (SERIAL_NUMBER, NSN_ID) VALUES ('FCH1131B0PB ', (SELECT MAX(NSN_ID) FROM NSN_ON_HAND));
INSERT INTO ITEM (SERIAL_NUMBER, NSN_ID) VALUES ('FCH1131B0PD ', (SELECT MAX(NSN_ID) FROM NSN_ON_HAND));
INSERT INTO ITEM (SERIAL_NUMBER, NSN_ID) VALUES ('FCH1131B0QC ', (SELECT MAX(NSN_ID) FROM NSN_ON_HAND));
INSERT INTO ITEM (SERIAL_NUMBER, NSN_ID) VALUES ('FCH1131B0YD ', (SELECT MAX(NSN_ID) FROM NSN_ON_HAND));
INSERT INTO ITEM (SERIAL_NUMBER, NSN_ID) VALUES ('FCH1131B2AX ', (SELECT MAX(NSN_ID) FROM NSN_ON_HAND));
INSERT INTO ITEM (SERIAL_NUMBER, NSN_ID) VALUES ('FCH1131B2DJ ', (SELECT MAX(NSN_ID) FROM NSN_ON_HAND));
INSERT INTO ITEM (SERIAL_NUMBER, NSN_ID) VALUES ('FCH1131B2F4 ', (SELECT MAX(NSN_ID) FROM NSN_ON_HAND));
INSERT INTO ITEM (SERIAL_NUMBER, NSN_ID) VALUES ('FCH1131B2F8 ', (SELECT MAX(NSN_ID) FROM NSN_ON_HAND));
INSERT INTO ITEM (SERIAL_NUMBER, NSN_ID) VALUES ('FCH1131B2FW ', (SELECT MAX(NSN_ID) FROM NSN_ON_HAND));
INSERT INTO ITEM (SERIAL_NUMBER, NSN_ID) VALUES ('FCH1131B2GW ', (SELECT MAX(NSN_ID) FROM NSN_ON_HAND));
INSERT INTO ITEM (SERIAL_NUMBER, NSN_ID) VALUES ('FCH1131B2GZ ', (SELECT MAX(NSN_ID) FROM NSN_ON_HAND));
INSERT INTO ITEM (SERIAL_NUMBER, NSN_ID) VALUES ('FCH1131B2H4 ', (SELECT MAX(NSN_ID) FROM NSN_ON_HAND));
INSERT INTO ITEM (SERIAL_NUMBER, NSN_ID) VALUES ('FCH1131B2KX ', (SELECT MAX(NSN_ID) FROM NSN_ON_HAND));
INSERT INTO ITEM (SERIAL_NUMBER, NSN_ID) VALUES ('FCH1131B2NC ', (SELECT MAX(NSN_ID) FROM NSN_ON_HAND));
INSERT INTO ITEM (SERIAL_NUMBER, NSN_ID) VALUES ('FCH11328LL3 ', (SELECT MAX(NSN_ID) FROM NSN_ON_HAND));
INSERT INTO ITEM (SERIAL_NUMBER, NSN_ID) VALUES ('FCH11328LL9 ', (SELECT MAX(NSN_ID) FROM NSN_ON_HAND));
INSERT INTO ITEM (SERIAL_NUMBER, NSN_ID) VALUES ('FCH11328LNW ', (SELECT MAX(NSN_ID) FROM NSN_ON_HAND));
INSERT INTO ITEM (SERIAL_NUMBER, NSN_ID) VALUES ('FCH11328LNZ ', (SELECT MAX(NSN_ID) FROM NSN_ON_HAND));
INSERT INTO ITEM (SERIAL_NUMBER, NSN_ID) VALUES ('FCH11328LP2 ', (SELECT MAX(NSN_ID) FROM NSN_ON_HAND));
INSERT INTO ITEM (SERIAL_NUMBER, NSN_ID) VALUES ('FCH11328LQ9 ', (SELECT MAX(NSN_ID) FROM NSN_ON_HAND));
INSERT INTO ITEM (SERIAL_NUMBER, NSN_ID) VALUES ('FCH11328LRN ', (SELECT MAX(NSN_ID) FROM NSN_ON_HAND));
INSERT INTO ITEM (SERIAL_NUMBER, NSN_ID) VALUES ('FCH11328LRP ', (SELECT MAX(NSN_ID) FROM NSN_ON_HAND));
INSERT INTO ITEM (SERIAL_NUMBER, NSN_ID) VALUES ('FCH11328LSU ', (SELECT MAX(NSN_ID) FROM NSN_ON_HAND));
INSERT INTO ITEM (SERIAL_NUMBER, NSN_ID) VALUES ('FCH11328LT7 ', (SELECT MAX(NSN_ID) FROM NSN_ON_HAND));
INSERT INTO ITEM (SERIAL_NUMBER, NSN_ID) VALUES ('FCH11328LTM ', (SELECT MAX(NSN_ID) FROM NSN_ON_HAND));
INSERT INTO ITEM (SERIAL_NUMBER, NSN_ID) VALUES ('FCH11328LTV ', (SELECT MAX(NSN_ID) FROM NSN_ON_HAND));
INSERT INTO ITEM (SERIAL_NUMBER, NSN_ID) VALUES ('FCH11328LTX ', (SELECT MAX(NSN_ID) FROM NSN_ON_HAND));
INSERT INTO ITEM (SERIAL_NUMBER, NSN_ID) VALUES ('FCH11328LU0 ', (SELECT MAX(NSN_ID) FROM NSN_ON_HAND));
INSERT INTO ITEM (SERIAL_NUMBER, NSN_ID) VALUES ('FCH11328M36 ', (SELECT MAX(NSN_ID) FROM NSN_ON_HAND));
INSERT INTO ITEM (SERIAL_NUMBER, NSN_ID) VALUES ('FCH11328M41 ', (SELECT MAX(NSN_ID) FROM NSN_ON_HAND));
INSERT INTO ITEM (SERIAL_NUMBER, NSN_ID) VALUES ('FCH113AZGG ', (SELECT MAX(NSN_ID) FROM NSN_ON_HAND));
INSERT INTO ITEM (SERIAL_NUMBER, NSN_ID) VALUES ('FCH113B2FV ', (SELECT MAX(NSN_ID) FROM NSN_ON_HAND));
INSERT INTO ITEM (SERIAL_NUMBER, NSN_ID) VALUES ('INM07441HPG ', (SELECT MAX(NSN_ID) FROM NSN_ON_HAND));
INSERT INTO LINE_NUMBER (LIN, NOMENCLATURE, AUTH_DOC, AUTHORIZED, REQUIRED, DUE_IN, PBIC) VALUES ('94160N', 'HEATER SPACE, FUEL OIL FLOOR MTD 18 5/8 INCH HIGH', 'CTA 50-900', 0, 0, 0, (SELECT MAX(PBIC_ID) FROM PBIC));
INSERT INTO NATIONAL_STOCK_NUMBER (NSN, NOMENCLATURE, UNIT_OF_ISSUE, UNIT_PRICE) VALUES ('4520013293451', 'HEATER,SPACE', 'EA', 927.89);
INSERT INTO NSN_ON_HAND (NSN, ON_HAND, LIN_ID) VALUES ('4520013293451', 6, (SELECT MAX(LIN_ID) FROM LINE_NUMBER));
